scenario,capacity,policy,total,overflow_m3,trucks,days_to_full
base,current,fixed_daily,2855,154.0,22.2,
base,current,threshold70,2628,282.3,18.9,
base,current,risk_myopic,3086,154.0,23.3,
base,current,risk_cfa_t5,3092,154.0,23.4,
base,double,fixed_daily,3743,16.4,30.2,
base,double,threshold70,3427,91.2,22.7,
base,double,risk_myopic,3458,26.4,22.5,
base,double,risk_cfa_t5,3473,25.2,22.7,
gen0.7,current,fixed_daily,2365,41.0,19.1,3.25
gen0.7,current,threshold70,2036,119.2,14.1,3.25
gen0.7,current,risk_cfa_t5,2430,41.4,18.2,3.25
gen0.7,double,fixed_daily,3326,1.6,28.0,6.5
gen0.7,double,threshold70,2587,28.6,16.2,6.5
gen0.7,double,risk_cfa_t5,2595,11.5,15.7,6.5
gen1.3,current,fixed_daily,3345,325.4,25.6,1.75
gen1.3,current,threshold70,3074,490.0,22.5,1.75
gen1.3,current,risk_cfa_t5,3541,325.4,26.4,1.75
gen1.3,double,fixed_daily,4170,85.0,33.5,3.5
gen1.3,double,threshold70,4139,240.5,29.5,3.5
gen1.3,double,risk_cfa_t5,4489,63.3,33.4,3.5
leg3,current,fixed_daily,2606,154.0,21.7,2.28
leg3,current,threshold70,2429,282.3,19.0,2.28
leg3,current,risk_cfa_t5,2891,154.0,23.7,2.28
leg12,current,fixed_daily,3655,154.0,26.4,2.28
leg12,current,threshold70,3017,282.3,18.7,2.28
leg12,current,risk_cfa_t5,3658,154.0,24.8,2.28
alpha_tight,double,risk_cfa_t5,3476,25.0,22.6,4.55
alpha_loose,double,risk_cfa_t5,3462,25.3,22.5,4.55
