days,cost_per_day,co2_kg_per_day,km_per_day,truck_shifts_per_day,points_served_per_day,t_per_day,overflow_bins_per_day,overflow_weighted_per_day,overflow_volume_bins_per_day,kg_per_km,relaxed_days,non_optimal_days,mean_solve_s,scenario,capacity,gen,leg,bins,policy,rep,days_to_full,sim_s
17,2352.524081764706,1313.2528424780921,806.7620588235294,18.823529411764707,323.0,187.26311764705883,124.94117647058823,75.90882352941176,39.38770789736312,232.11691179446086,0,0,37.44818813531139,gen0.7,current,0.7,6.0,2852,fixed_daily,0,3.2518365506211495,0.03486299999985931
17,1889.50827,1059.3783681939385,625.9248823529412,14.294117647058824,99.52941176470588,173.83882352941177,341.7647058823529,206.20882352941177,107.11418977134656,277.73112785663153,0,0,27.04422321766341,gen0.7,current,0.7,6.0,2852,threshold70,0,3.2518365506211495,0.03437690000009752
17,2279.645246470588,1276.099494647324,813.8594117647059,18.529411764705884,317.6470588235294,187.2555294117647,124.94117647058823,75.90882352941176,39.55042570856746,230.08338627642726,0,0,54.273464164724025,gen0.7,current,0.7,6.0,2852,risk_cfa_t5,0,3.2518365506211495,0.026145499999984168
17,2371.0346835294117,1321.495556056669,821.7593529411764,19.176470588235293,323.0,188.27817647058822,127.58823529411765,78.82941176470588,36.72149569445305,229.1159520079909,0,0,36.5196692411555,gen0.7,current,0.7,6.0,2852,fixed_daily,1,3.2518365506211495,0.039221200000156387
17,1865.3136111764707,1044.8370162794934,622.953411764706,14.058823529411764,99.05882352941177,171.89664705882353,343.2352941176471,209.77941176470588,110.41496306988927,275.9382063128505,0,0,27.09279524705455,gen0.7,current,0.7,6.0,2852,threshold70,1,3.2518365506211495,0.02275199999985489
17,2262.3613241176467,1284.3648744087789,801.5797058823529,17.941176470588236,316.2352941176471,188.39464705882352,129.64705882352942,79.96176470588236,37.102262572368474,235.02921253656842,0,0,55.31131747060264,gen0.7,current,0.7,6.0,2852,risk_cfa_t5,1,3.2518365506211495,0.02381969999987632
17,2370.296807647059,1290.382213088441,812.0425882352941,19.294117647058822,323.0,186.4494705882353,118.3529411764706,73.47647058823529,35.71242146994764,229.60553213523139,0,0,37.992324499974906,gen0.7,current,0.7,6.0,2852,fixed_daily,2,3.2518365506211495,0.02283209999995961
17,1865.8444411764704,1040.5624643858084,613.845,14.0,98.52941176470588,171.9139411764706,342.05882352941177,211.10882352941178,107.5660997039005,280.06083160483604,0,0,24.237313147086432,gen0.7,current,0.7,6.0,2852,threshold70,2,3.2518365506211495,0.021917300000040996
17,2260.918269411765,1261.8930365245687,808.7367058823529,18.235294117647058,316.70588235294116,186.0885294117647,119.47058823529412,74.09117647058824,36.182970978190276,230.0977908610408,0,0,51.7202762176269,gen0.7,current,0.7,6.0,2852,risk_cfa_t5,2,3.2518365506211495,0.0209778000003098
17,3170.9291370588235,1531.799948946554,914.0008235294117,28.0,323.0,195.42035294117647,10.470588235294118,6.288235294117648,2.176155015761901,213.80763333074614,0,0,43.800789970610126,gen0.7,double,0.7,6.0,5704,fixed_daily,0,6.503673101242299,0.019993200000044453
17,2107.3599205882356,1198.9305376387551,689.0113529411765,16.058823529411764,59.05882352941177,191.489,150.94117647058823,94.1058823529412,25.686109550399586,277.9184975437526,0,0,31.91214499412351,gen0.7,double,0.7,6.0,5704,threshold70,0,6.503673101242299,0.019990899999811518
17,2128.458031764706,1258.90393627595,711.1172352941177,15.705882352941176,88.82352941176471,197.72258823529413,59.1764705882353,35.03529411764706,11.160578596721047,278.0449951455841,0,0,16.1790350176709,gen0.7,double,0.7,6.0,5704,risk_cfa_t5,0,6.503673101242299,0.019623000000137836
17,3188.636908235294,1554.0441994865569,929.6058823529411,28.176470588235293,323.0,196.34017647058823,7.764705882352941,4.729411764705882,1.1691880812229525,211.20797554941058,0,0,33.07204585882616,gen0.7,double,0.7,6.0,5704,fixed_daily,1,6.503673101242299,0.019142500000270957
17,2132.722657647059,1217.4159629442047,700.9351764705882,16.235294117647058,59.94117647058823,193.82917647058824,149.05882352941177,91.20588235294117,25.256851314295186,276.52938956006506,0,0,19.931350517620825,gen0.7,double,0.7,6.0,5704,threshold70,1,6.503673101242299,0.022286900000381138
17,2144.910435882353,1265.964021142387,718.369705882353,15.823529411764707,88.76470588235294,198.09405882352942,60.11764705882353,37.53529411764706,10.01886148008584,275.7550286453354,0,0,16.971877088222435,gen0.7,double,0.7,6.0,5704,risk_cfa_t5,1,6.503673101242299,0.024448300000130985
17,3178.4557688235295,1542.6141027266883,897.7303529411764,27.941176470588236,323.0,194.2728823529412,9.058823529411764,5.617647058823529,1.028942965741078,216.40449352799243,0,0,47.497502805897966,gen0.7,double,0.7,6.0,5704,fixed_daily,2,6.503673101242299,0.020504000000073574
17,2125.325735882353,1213.3933508909881,694.6220588235294,16.176470588235293,59.470588235294116,192.81447058823528,159.64705882352942,98.0529411764706,27.070960185854947,277.5818420088791,0,0,29.386448594159447,gen0.7,double,0.7,6.0,5704,threshold70,2,6.503673101242299,0.02176659999986441
17,2115.5125329411767,1248.9485190341347,709.6260588235294,15.588235294117647,87.17647058823529,195.31082352941178,67.05882352941177,40.911764705882355,10.27548044937908,275.23062477893285,0,0,12.387602764709087,gen0.7,double,0.7,6.0,5704,risk_cfa_t5,2,6.503673101242299,0.02285710000023755
17,3362.570572352942,2120.8364155564013,1159.9835294117647,25.764705882352942,323.0,296.6074705882353,505.05882352941177,309.36764705882354,302.4139223565632,255.6997259595978,0,0,29.691120476461947,gen1.3,current,1.3,6.0,2852,fixed_daily,0,1.7509889118729265,0.01994139999987965
17,2914.080258823529,1761.3758434019264,970.1546470588236,22.41176470588235,145.23529411764707,263.41076470588234,760.3529411764706,465.9088235294118,451.45984837772636,271.51420188982604,0,0,29.652702323530857,gen1.3,current,1.3,6.0,2852,threshold70,0,1.7509889118729265,0.0180846999996902
17,3389.1492141176473,2100.604180221635,1175.328705882353,26.470588235294116,323.0,296.6074705882353,505.05882352941177,309.36764705882354,302.4139223565632,252.36129186988893,0,0,38.61986904707737,gen1.3,current,1.3,6.0,2852,risk_cfa_t5,0,1.7509889118729265,0.025024000000030355
17,3340.720085882353,2114.9481774770347,1157.3694705882353,25.529411764705884,323.0,294.86682352941176,508.4117647058824,313.5352941176471,301.29685357605877,254.77328633832474,0,0,37.61193106470027,gen1.3,current,1.3,6.0,2852,fixed_daily,1,1.7509889118729265,0.02366440000014336
17,2899.586247647059,1745.2233309464107,969.7861176470589,22.352941176470587,144.47058823529412,261.4494117647059,751.7058823529412,460.24705882352947,456.0456769475813,269.59492099046213,0,0,23.75351203530205,gen1.3,current,1.3,6.0,2852,threshold70,1,1.7509889118729265,0.018515900000238616
17,3378.6354194117644,2082.7975771395413,1176.9203529411766,26.58823529411765,323.0,294.86682352941176,508.4117647058824,313.5352941176471,301.29685357605877,250.54101816875408,0,0,32.5475965823759,gen1.3,current,1.3,6.0,2852,risk_cfa_t5,1,1.7509889118729265,0.021392000000105327
17,3332.145372941177,2092.827757480108,1155.3619999999999,25.647058823529413,323.0,295.2751176470588,490.94117647058823,297.83529411764704,283.86214080443267,255.5693519841044,0,0,39.711529335301535,gen1.3,current,1.3,6.0,2852,fixed_daily,2,1.7509889118729265,0.023124200000438577
17,2919.914368235294,1750.0568336668082,976.3062352941175,22.58823529411765,145.58823529411765,263.7364117647059,742.1176470588235,453.3235294117647,428.7368122073603,270.1369736568914,0,0,26.99170895884334,gen1.3,current,1.3,6.0,2852,threshold70,2,1.7509889118729265,0.021224099999926693
17,3366.8165811764707,2103.4682646247056,1166.4936470588236,26.058823529411764,323.0,295.2751176470588,490.94117647058823,297.83529411764704,283.86214080443267,253.13049787417214,0,0,41.73274314707584,gen1.3,current,1.3,6.0,2852,risk_cfa_t5,2,1.7509889118729265,0.028980499999761378
17,4023.98584,2454.7751385479114,1483.3781764705882,33.470588235294116,317.88235294117646,346.69117647058823,271.05882352941177,164.3235294117647,77.73116396648605,233.71732304669123,7,0,213.06207782351274,gen1.3,double,1.3,6.0,5704,fixed_daily,0,3.501977823745853,0.023800300000402785
17,3683.7558241176466,2209.8877908069703,1245.959588235294,29.58823529411765,91.52941176470588,316.65017647058824,785.4117647058823,481.59411764705885,229.9343037960845,254.14161057909868,16,0,38.99768963530112,gen1.3,double,1.3,6.0,5704,threshold70,0,3.501977823745853,0.02337390000002415
17,4029.860778823529,2470.229365446772,1475.2080588235294,33.411764705882355,303.7647058823529,349.74605882352944,216.23529411764707,130.88235294117646,63.761598473352464,237.0825299737381,0,0,90.79600817059605,gen1.3,double,1.3,6.0,5704,risk_cfa_t5,0,3.501977823745853,0.02523960000007719
17,4035.698802941176,2440.1557320584384,1463.5449411764705,33.64705882352941,312.52941176470586,341.309294117647,327.88235294117646,196.1235294117647,97.66651362597707,233.20725214169755,13,0,89.39986615293823,gen1.3,double,1.3,6.0,5704,fixed_daily,1,3.501977823745853,0.026674799999909737
17,3690.741871764705,2205.467744437967,1252.5169411764707,29.764705882352942,91.52941176470588,315.3168235294118,719.0588235294117,442.09411764705885,222.37604508568288,251.7465538096749,16,0,40.76510723532342,gen1.3,double,1.3,6.0,5704,threshold70,1,3.501977823745853,0.02423189999990427
17,4036.58188117647,2483.047405147244,1492.0203529411765,33.470588235294116,307.1764705882353,349.40135294117647,200.7058823529412,122.99411764705883,56.24215090079199,234.18001788810164,0,0,74.95377632944077,gen1.3,double,1.3,6.0,5704,risk_cfa_t5,1,3.501977823745853,0.029370500000368338
17,4011.767365882352,2460.1717009414824,1481.7307647058824,33.23529411764706,321.05882352941177,346.95235294117646,208.47058823529412,125.55882352941177,56.32991110687129,234.1534381315523,3,0,259.6849015999846,gen1.3,double,1.3,6.0,5704,fixed_daily,2,3.501977823745853,0.02284620000000359
17,3645.863878235294,2194.291938805711,1230.1295882352942,29.11764705882353,91.47058823529412,314.99988235294114,702.2352941176471,424.4352941176471,203.69322601469182,256.0704866914308,12,0,60.551933135330565,gen1.3,double,1.3,6.0,5704,threshold70,2,3.501977823745853,0.020820700000058423
17,4005.0071182352935,2452.155450135961,1470.1614705882353,33.23529411764706,307.11764705882354,346.1984705882353,191.88235294117646,116.25294117647059,52.55512731036748,235.4832972528628,0,0,61.71020875293214,gen1.3,double,1.3,6.0,5704,risk_cfa_t5,2,3.501977823745853,0.023346800000126677
17,2622.9608047058823,1347.2134800756683,746.6473529411765,22.058823529411764,323.0,249.88417647058824,299.29411764705884,181.18529411764706,137.86147724986017,334.6749646754256,0,0,33.516405917669864,leg3,current,1.0,3.0,2852,fixed_daily,0,2.2762855854348043,0.01884699999982331
17,2289.910535882353,1067.478625337675,606.8840588235295,19.294117647058822,126.41176470588235,226.32135294117649,551.4705882352941,336.6205882352941,250.13774658876633,372.9235422329432,0,0,19.98732904707739,leg3,current,1.0,3.0,2852,threshold70,0,2.2762855854348043,0.021903199999997014
17,2734.7984511764703,1269.8164659618626,748.9834117647059,23.705882352941178,323.0,249.9015294117647,299.29411764705884,181.18529411764706,137.86147724986017,333.65429125187563,0,0,29.843482047072886,leg3,current,1.0,3.0,2852,risk_cfa_t5,0,2.2762855854348043,0.024238399999831017
17,2596.059000588235,1345.9273861799982,737.1911764705883,21.58823529411765,323.0,249.00111764705883,319.5882352941176,194.0,141.95100489435896,337.77007321111535,0,0,31.3818595823421,leg3,current,1.0,3.0,2852,fixed_daily,1,2.2762855854348043,0.018097499999839783
17,2270.3679011764707,1037.8635660539376,597.7548235294117,19.058823529411764,125.94117647058823,224.2154705882353,541.5882352941177,328.77647058823527,254.65953484383937,375.0960456736541,0,0,17.89843608236954,leg3,current,1.0,3.0,2852,threshold70,1,2.2762855854348043,0.02535859999989043
17,2715.5768752941176,1267.5408048890279,745.0474117647059,23.470588235294116,322.88235294117646,249.0010588235294,319.5882352941176,194.0,141.95100489435896,334.2083401561653,0,0,32.80081613527556,leg3,current,1.0,3.0,2852,risk_cfa_t5,1,2.2762855854348043,0.019399999999677675
17,2600.2137770588233,1382.7999278083666,745.2991176470588,21.58823529411765,323.0,248.5759411764706,305.11764705882354,186.85294117647058,140.1195481503894,333.5250710630592,0,0,24.91219175881569,leg3,current,1.0,3.0,2852,fixed_daily,2,2.2762855854348043,0.03477920000023005
17,2237.7534911764706,1053.987375952095,593.8134117647058,18.705882352941178,123.41176470588235,221.9554117647059,578.1176470588235,350.7323529411765,265.08403420864056,373.7797216554854,0,0,19.39710628819953,leg3,current,1.0,3.0,2852,threshold70,2,2.2762855854348043,0.03569119999974646
17,2733.791176470588,1264.7988121662554,752.9848235294118,23.88235294117647,323.0,248.5759411764706,305.11764705882354,186.85294117647058,140.1195481503894,330.1207851857338,0,0,30.34794446470572,leg3,current,1.0,3.0,2852,risk_cfa_t5,2,2.2762855854348043,0.03734420000000682
17,3669.732578235294,2727.210386717805,1616.2594705882352,26.58823529411765,323.0,249.88417647058824,299.29411764705884,181.18529411764706,137.86147724986017,154.6064731671105,0,0,23.77010109411761,leg12,current,1.0,12.0,2852,fixed_daily,0,2.2762855854348043,0.029817199999797595
17,2886.744027647059,2265.7756808866866,1278.4078235294119,19.0,126.41176470588235,226.32135294117649,551.4705882352941,336.6205882352941,250.13774658876633,177.0337671404039,0,0,21.947025164701593,leg12,current,1.0,12.0,2852,threshold70,0,2.2762855854348043,0.019415400000070804
17,3500.309898235293,2686.5408889912674,1604.5014705882354,24.88235294117647,322.8235294117647,249.88417647058824,299.29411764705884,181.18529411764706,137.86147724986017,155.73944994826135,0,0,30.425635770593278,leg12,current,1.0,12.0,2852,risk_cfa_t5,0,2.2762855854348043,0.016932200000155717
17,3658.9571935294116,2730.4757265780486,1582.933117647059,26.235294117647058,323.0,249.00111764705883,319.5882352941176,194.0,141.95100489435896,157.3036250686226,0,0,27.9656716352945,leg12,current,1.0,12.0,2852,fixed_daily,1,2.2762855854348043,0.016952200000105222
17,2852.8454782352946,2232.94795281295,1262.760705882353,18.764705882352942,125.94117647058823,224.2154705882353,541.5882352941177,328.77647058823527,254.65953484383937,177.55974631121018,0,0,22.523955223499797,leg12,current,1.0,12.0,2852,threshold70,1,2.2762855854348043,0.018916099999842118
17,3486.326115882352,2674.924804747356,1575.0221764705882,24.58823529411765,322.8235294117647,249.00111764705883,319.5882352941176,194.0,141.95100489435896,158.09372170558046,0,0,32.03306263529413,leg12,current,1.0,12.0,2852,risk_cfa_t5,1,2.2762855854348043,0.015167699999892648
17,3636.1682264705873,2718.8053379816715,1612.6130588235294,26.235294117647058,323.0,248.5759411764706,305.11764705882354,186.85294117647058,140.1195481503894,154.14481472562144,0,0,32.31518082352191,leg12,current,1.0,12.0,2852,fixed_daily,2,2.2762855854348043,0.01623539999991408
17,2822.2812141176473,2219.116217139464,1245.0441764705884,18.352941176470587,123.41176470588235,221.9554117647059,578.1176470588235,350.7323529411765,265.08403420864056,178.27111355510135,0,0,18.849661529447665,leg12,current,1.0,12.0,2852,threshold70,2,2.2762855854348043,0.019293199999992794
17,3497.9898964705876,2677.448892464198,1604.4166470588234,24.88235294117647,322.70588235294116,248.55641176470587,305.11764705882354,186.85294117647058,140.20837784759243,154.9201151835175,0,0,30.773421923520374,leg12,current,1.0,12.0,2852,risk_cfa_t5,2,2.2762855854348043,0.015157700000145269
17,3019.796629411765,1918.7062740470042,1038.1888235294118,22.647058823529413,184.64705882352942,274.83511764705884,113.76470588235294,68.98823529411764,24.848374097548515,264.7255599542416,0,0,25.051706235321678,alpha_tight,double,1.0,6.0,5704,risk_cfa_t5,0,4.552571170869609,0.01844410000012431
17,3003.0681223529414,1900.5522077975115,1028.555294117647,22.529411764705884,188.35294117647058,274.3720588235294,98.11764705882354,60.06470588235294,21.38017699924731,266.7547971340727,0,0,23.553796952941198,alpha_tight,double,1.0,6.0,5704,risk_cfa_t5,1,4.552571170869609,0.015016700000160199
17,3008.5444894117645,1908.7283508800058,1030.335411764706,22.529411764705884,190.76470588235293,275.891,114.58823529411765,68.19411764705882,22.021127289202862,267.76814312095513,0,0,27.936432482352863,alpha_tight,double,1.0,6.0,5704,risk_cfa_t5,2,4.552571170869609,0.018202799999926356
17,2984.8740329411767,1899.0420482938814,1024.3232352941177,22.294117647058822,188.58823529411765,274.1108823529412,120.47058823529412,72.95882352941176,25.930752508254653,267.60193746287007,0,0,18.740516341181802,alpha_loose,double,1.0,6.0,5704,risk_cfa_t5,0,4.552571170869609,0.02786240000023099
17,2994.3389229411764,1885.1146497228924,1022.0265294117647,22.529411764705884,191.11764705882354,275.14576470588236,106.23529411764706,65.27058823529413,21.00813163984742,269.21587335335084,0,0,11.937262370588241,alpha_loose,double,1.0,6.0,5704,risk_cfa_t5,1,4.552571170869609,0.019664800000100513
17,3010.222137647059,1905.7174401513846,1028.2135294117647,22.529411764705884,188.88235294117646,275.74411764705883,117.6470588235294,69.3529411764706,22.125833786603174,268.1778733302707,0,0,24.77417456473032,alpha_loose,double,1.0,6.0,5704,risk_cfa_t5,2,4.552571170869609,0.018714400000135356
