fleet,carbon_price,seed,feasible,cost,co2_kg,km,trucks,used_new_compactor,used_old_compactor,used_small_loader
current_ageing,0,0,True,3118.8796200000006,2019.842143277431,1068.685,23,8.0,15.0,0.0
current_ageing,0,1,True,3132.31022,2040.4413098551447,1083.035,23,8.0,15.0,0.0
current_ageing,0,2,True,3138.72857,2054.3825821425726,1088.73,23,8.0,15.0,0.0
current_ageing,25,0,True,3117.63701,2014.9061401814279,1065.962,23,8.0,15.0,0.0
current_ageing,25,1,True,3138.79839,2052.375367945143,1089.379,23,8.0,15.0,0.0
current_ageing,25,2,True,3124.368190000001,2025.6332837405714,1072.045,23,8.0,15.0,0.0
current_ageing,50,0,True,3131.6312900000003,2045.1960884988584,1078.895,23,8.0,15.0,0.0
current_ageing,50,1,True,3138.79839,2052.375367945143,1089.379,23,8.0,15.0,0.0
current_ageing,50,2,True,3138.0669200000007,2051.1703756251436,1085.109,23,8.0,15.0,0.0
current_ageing,100,0,True,3125.3654200000005,2031.999366001143,1072.141,23,8.0,15.0,0.0
current_ageing,100,1,True,3131.35207,2041.4343741114299,1084.023,23,8.0,15.0,0.0
current_ageing,100,2,True,3138.0669200000007,2051.1703756251436,1085.109,23,8.0,15.0,0.0
current_ageing,200,0,True,3132.6570799999995,2042.5221616468573,1079.651,23,8.0,15.0,0.0
current_ageing,200,1,True,3124.57812,2028.138201408001,1075.684,23,8.0,15.0,0.0
current_ageing,200,2,True,3140.9423400000005,2057.290656134286,1087.182,23,8.0,15.0,0.0
current_ageing,400,0,True,3130.7418399999992,2038.7166244928567,1069.392,23,8.0,15.0,0.0
current_ageing,400,1,True,3119.0966,2016.4561917857147,1069.551,23,8.0,15.0,0.0
current_ageing,400,2,True,3124.4586800000006,2024.091015985715,1068.336,23,8.0,15.0,0.0
half_renewed,0,0,True,2977.6394499999997,1610.5110254640006,1020.723,21,17.0,4.0,0.0
half_renewed,0,1,True,2969.3966,1592.9753108360005,1009.947,21,17.0,4.0,0.0
half_renewed,0,2,True,2976.52463,1607.6236416465713,1014.681,21,17.0,4.0,0.0
half_renewed,25,0,True,2977.6394499999997,1610.5110254640006,1020.723,21,17.0,4.0,0.0
half_renewed,25,1,True,2923.1863799999996,1507.5723125448583,970.656,21,17.0,4.0,0.0
half_renewed,25,2,True,2976.52463,1607.6236416465713,1014.681,21,17.0,4.0,0.0
half_renewed,50,0,True,2977.6394499999997,1610.5110254640006,1020.723,21,17.0,4.0,0.0
half_renewed,50,1,True,2969.3966,1592.9753108360005,1009.947,21,17.0,4.0,0.0
half_renewed,50,2,True,2976.52463,1607.6236416465713,1014.681,21,17.0,4.0,0.0
half_renewed,100,0,True,2976.8014299999995,1608.8145846025723,1019.89,21,17.0,4.0,0.0
half_renewed,100,1,True,2975.070199999999,1604.609560752574,1019.518,21,17.0,4.0,0.0
half_renewed,100,2,True,2976.52463,1607.6236416465713,1014.681,21,17.0,4.0,0.0
half_renewed,200,0,True,2970.0546600000002,1591.282153797715,1008.6,21,17.0,4.0,0.0
half_renewed,200,1,True,2976.6217499999993,1610.1111751111446,1024.537,21,17.0,4.0,0.0
half_renewed,200,2,True,2976.52463,1607.6236416465713,1014.681,21,17.0,4.0,0.0
half_renewed,400,0,True,2965.8893999999996,1582.521953779715,1001.706,21,17.0,4.0,0.0
half_renewed,400,1,True,2976.6955199999993,1608.094504725145,1022.025,21,17.0,4.0,0.0
half_renewed,400,2,True,2973.1502400000004,1600.6441549942863,1010.46,21,17.0,4.0,0.0
all_new,0,0,True,2992.478149999999,1431.0301699988586,985.351,21,21.0,0.0,0.0
all_new,0,1,True,2972.49975,1389.9984556594297,954.615,21,21.0,0.0,0.0
all_new,0,2,True,2972.53095,1387.2655771154305,954.663,21,21.0,0.0,0.0
all_new,25,0,True,2992.478149999999,1431.0301699988586,985.351,21,21.0,0.0,0.0
all_new,25,1,True,2928.7007200000007,1404.5008883550172,979.352,21,20.0,0.0,1.0
all_new,25,2,True,2971.9817,1386.8360934857149,953.818,21,21.0,0.0,0.0
all_new,50,0,True,2963.7637500000005,1368.9770993017144,941.175,21,21.0,0.0,0.0
all_new,50,1,True,2961.9028000000003,1365.2387513748565,938.312,21,21.0,0.0,0.0
all_new,50,2,True,2991.0014699999997,1398.3004221524577,985.684,22,20.0,0.0,2.0
all_new,100,0,True,2992.478149999999,1431.0301699988586,985.351,21,21.0,0.0,0.0
all_new,100,1,True,2972.1468,1385.6850958148552,954.072,21,21.0,0.0,0.0
all_new,100,2,True,2993.26465,1432.5296786217148,986.561,21,21.0,0.0,0.0
all_new,200,0,True,2992.478149999999,1431.0301699988586,985.351,21,21.0,0.0,0.0
all_new,200,1,True,2991.161249999999,1428.5976984742854,983.325,21,21.0,0.0,0.0
all_new,200,2,True,2993.26465,1432.5296786217148,986.561,21,21.0,0.0,0.0
all_new,400,0,True,2992.478149999999,1431.0301699988586,985.351,21,21.0,0.0,0.0
all_new,400,1,True,2991.161249999999,1428.5976984742854,983.325,21,21.0,0.0,0.0
all_new,400,2,True,2993.26465,1432.5296786217148,986.561,21,21.0,0.0,0.0
all_old,0,0,True,3175.1100800000013,2379.218491652002,1120.634,24,0.0,24.0,0.0
all_old,0,1,True,3266.9955200000013,2387.7363206440014,1131.246,25,0.0,25.0,0.0
all_old,0,2,True,3181.1424000000006,2389.9316372840026,1126.02,24,0.0,24.0,0.0
all_old,25,0,True,3175.1100800000013,2379.218491652002,1120.634,24,0.0,24.0,0.0
all_old,25,1,True,3266.9955200000013,2387.7363206440014,1131.246,25,0.0,25.0,0.0
all_old,25,2,True,3181.1424000000006,2389.9316372840026,1126.02,24,0.0,24.0,0.0
all_old,50,0,True,3175.1100800000013,2379.218491652002,1120.634,24,0.0,24.0,0.0
all_old,50,1,True,3266.9955200000013,2387.7363206440014,1131.246,25,0.0,25.0,0.0
all_old,50,2,True,3181.1424000000006,2389.9316372840026,1126.02,24,0.0,24.0,0.0
all_old,100,0,True,3175.1100800000013,2379.218491652002,1120.634,24,0.0,24.0,0.0
all_old,100,1,True,3266.9955200000013,2387.7363206440014,1131.246,25,0.0,25.0,0.0
all_old,100,2,True,3181.1424000000006,2389.9316372840026,1126.02,24,0.0,24.0,0.0
all_old,200,0,True,3175.1100800000013,2379.218491652002,1120.634,24,0.0,24.0,0.0
all_old,200,1,True,3266.9955200000013,2387.7363206440014,1131.246,25,0.0,25.0,0.0
all_old,200,2,True,3181.1424000000006,2389.9316372840026,1126.02,24,0.0,24.0,0.0
all_old,400,0,True,3175.1100800000013,2379.218491652002,1120.634,24,0.0,24.0,0.0
all_old,400,1,True,3266.9955200000013,2387.7363206440014,1131.246,25,0.0,25.0,0.0
all_old,400,2,True,3181.1424000000006,2389.9316372840026,1126.02,24,0.0,24.0,0.0
