fleet,carbon_price,cost,co2_kg,km,trucks
all_new,0,2972.5,1390.0,954.6,21
all_new,25,2928.7,1404.5,979.4,21
all_new,50,2961.9,1365.2,938.3,21
all_new,100,2972.1,1385.7,954.1,21
all_new,200,2991.2,1428.6,983.3,21
all_new,400,2991.2,1428.6,983.3,21
all_old,0,3175.1,2379.2,1120.6,24
all_old,25,3175.1,2379.2,1120.6,24
all_old,50,3175.1,2379.2,1120.6,24
all_old,100,3175.1,2379.2,1120.6,24
all_old,200,3175.1,2379.2,1120.6,24
all_old,400,3175.1,2379.2,1120.6,24
current_ageing,0,3118.9,2019.8,1068.7,23
current_ageing,25,3117.6,2014.9,1066.0,23
current_ageing,50,3131.6,2045.2,1078.9,23
current_ageing,100,3125.4,2032.0,1072.1,23
current_ageing,200,3124.6,2028.1,1075.7,23
current_ageing,400,3119.1,2016.5,1069.6,23
half_renewed,0,2969.4,1593.0,1009.9,21
half_renewed,25,2923.2,1507.6,970.7,21
half_renewed,50,2969.4,1593.0,1009.9,21
half_renewed,100,2975.1,1604.6,1019.5,21
half_renewed,200,2970.1,1591.3,1008.6,21
half_renewed,400,2965.9,1582.5,1001.7,21
