day,status,gap,wall_s,points_served,trucks,km,cost_fixed,cost_variable,co2_kg,kg_collected,overflow_bins,overflow_weighted,overflow_volume_bins,relaxed
0,FEASIBLE,,41.156870399951,140,9,412.378,710.0,472.80949999999996,705.6980701324916,97126.0,43,20.45,3.1661092231345735,True
1,FEASIBLE,,22.2087795000989,150,6,251.295,445.0,312.41124999999994,460.45850104585156,45397.0,0,0.0,0.0,False
2,FEASIBLE,,15.578388400026597,150,6,181.052,450.0,229.97639999999996,351.1673345574287,35498.0,0,0.0,0.0,False
3,FEASIBLE,,19.28109790000599,150,6,191.336,450.0,245.85165,373.13624413885714,37285.0,0,0.0,0.0,False
4,FEASIBLE,,16.959706599940546,150,6,192.921,445.0,234.32070000000007,349.4144751844115,35594.0,0,0.0,0.0,False
5,FEASIBLE,,15.954003000166267,150,6,174.749,450.0,224.15955,344.40114215628574,36272.0,0,0.0,0.0,False
6,FEASIBLE,,14.924314000061713,150,6,169.157,450.0,216.42450000000017,332.20106818514284,35596.0,0,0.0,0.0,False
7,FEASIBLE,,18.185689500067383,150,6,170.125,450.0,217.16255000000004,332.07066464942835,34920.0,0,0.0,0.0,False
8,FEASIBLE,,16.874333500047214,150,6,191.183,450.0,245.66575000000006,370.83681415057157,36819.0,0,0.0,0.0,False
9,FEASIBLE,,14.92076739994809,150,6,195.421,450.0,252.7548499999999,387.39749900799995,40819.0,0,0.0,0.0,False
10,FEASIBLE,,19.563273500069045,150,6,191.507,450.0,246.3345000000001,372.2533030160002,37383.0,0,0.0,0.0,False
11,FEASIBLE,,19.421145200030878,150,6,174.374,450.0,222.8294000000001,343.5071884922856,36593.0,0,0.0,0.0,False
12,FEASIBLE,,18.504918200080283,150,6,192.508,450.0,247.955,376.09557276685734,37613.0,0,0.0,0.0,False
13,FEASIBLE,,17.673175900010392,150,6,169.097,450.0,216.52550000000008,333.45355364657144,36435.0,0,0.0,0.0,False
14,FEASIBLE,,18.675862099975348,150,6,192.055,450.0,247.09530000000004,374.99663139685725,38151.0,0,0.0,0.0,False
15,FEASIBLE,,17.79618030018173,150,6,199.079,450.0,255.36319999999995,388.6071606345714,39288.0,0,0.0,0.0,False
16,FEASIBLE,,15.040696899988689,150,6,190.347,450.0,245.33095,371.156225298857,37336.0,0,0.0,0.0,False
17,FEASIBLE,,18.036391300032847,150,6,195.5,450.0,251.55425000000008,381.59198246971425,37854.0,0,0.0,0.0,False
18,FEASIBLE,,15.798644199967384,150,6,191.266,450.0,246.41199999999992,375.0339080720002,37248.0,0,0.0,0.0,False
19,FEASIBLE,,15.8503404998919,150,6,192.749,450.0,249.70589999999982,376.50588938114294,36980.0,0,0.0,0.0,False
