days,cost_per_day,co2_kg_per_day,km_per_day,truck_shifts_per_day,points_served_per_day,t_per_day,overflow_bins_per_day,overflow_weighted_per_day,overflow_volume_bins_per_day,kg_per_km,relaxed_days,non_optimal_days,mean_solve_s,rate_mult,cv,days_to_full,policy,rep,sim_s
17,525.353305882353,277.96195215642757,146.8255882352941,5.0,150.0,26.226411764705883,0.0,0.0,0.0,178.6228959129179,0,0,16.721941305865425,0.33,0.35,8.633779150467147,fixed_daily,0,0.036249600000246573
17,306.7182941176471,227.96309987668238,111.36911764705883,2.6470588235294117,22.294117647058822,26.102941176470587,1.2941176470588236,0.8705882352941177,0.05729105466091234,234.38222128322616,0,0,8.396546305883128,0.33,0.35,8.633779150467147,threshold70,0,0.013122000000294065
17,275.5996235294118,208.99984766458826,99.57270588235295,2.3529411764705883,19.235294117647058,25.053705882352943,2.8823529411764706,1.811764705882353,0.11990016825864236,251.61218288026012,0,0,12.129674205878366,0.33,0.35,8.633779150467147,risk_myopic,0,0.017587899999853107
17,473.8294294117647,267.77754879318593,140.29817647058823,5.0,150.0,25.76670588235294,0.0,0.0,0.0,183.65674116765595,0,0,17.131470176487174,0.33,0.35,8.966387228487728,fixed_daily,1,0.016244999999798893
17,302.3589117647059,221.66240137049414,111.189,2.6470588235294117,22.058823529411764,25.874,0.0,0.0,0.0,232.70287528442563,0,0,7.038891135276678,0.33,0.35,8.966387228487728,threshold70,1,0.014529900000070484
17,273.7064911764706,212.20732159929415,100.78476470588237,2.2941176470588234,19.235294117647058,25.445352941176473,1.0,0.55,0.02109333966931313,252.47221656401146,0,0,11.74651621764197,0.33,0.35,8.966387228487728,risk_myopic,1,0.012855100000251696
17,570.47415,274.2130832526763,144.43088235294115,5.0588235294117645,150.0,29.178529411764707,0.0,0.0,0.0,202.02417195279648,0,0,19.401281176497886,0.33,0.35,7.694818619847957,fixed_daily,2,0.0122310000001562
17,329.81030588235296,237.90951587235767,118.96794117647059,2.9411764705882355,24.823529411764707,29.073529411764707,0.7647058823529411,0.5794117647058823,0.04422062610494519,244.38120996511665,0,0,8.258145358810639,0.33,0.35,7.694818619847957,threshold70,2,0.016405899999881512
17,306.74696470588236,235.50260099800002,112.18729411764706,2.588235294117647,22.941176470588236,29.101588235294116,4.0588235294117645,2.4970588235294118,0.09732523843217221,259.401819646138,0,0,13.02398057647652,0.33,0.35,7.694818619847957,risk_myopic,2,0.011575099999845406
17,488.4205794117647,280.22911877233884,150.4254705882353,5.0,150.0,24.54258823529412,0.0,0.0,0.0,163.15447204067834,0,0,19.983210352920544,0.33,0.35,9.172033481247519,fixed_daily,3,0.015556399999695714
17,297.07645882352944,214.42075172523766,111.41776470588236,2.6470588235294117,20.294117647058822,24.02135294117647,1.411764705882353,0.8705882352941177,0.07195279467457835,215.59715369077273,0,0,7.089001341188765,0.33,0.35,9.172033481247519,threshold70,3,0.011077300000124524
17,266.36948823529417,212.4236616276471,100.57870588235293,2.176470588235294,18.470588235294116,24.355529411764707,5.823529411764706,2.514705882352941,0.18971061521122837,242.1539350511569,0,0,10.05405301176806,0.33,0.35,9.172033481247519,risk_myopic,3,0.010562700000264158
17,632.4317705882353,288.49937038863936,157.8614117647059,5.529411764705882,150.0,31.591529411764707,0.0,0.0,0.0,200.1219237723036,0,0,16.09282279999324,0.33,0.35,7.236252444777277,fixed_daily,4,0.016704399999980524
17,359.85547647058826,263.52756080429646,130.16688235294117,3.176470588235294,26.11764705882353,30.990470588235294,1.411764705882353,0.9647058823529411,0.08441250578220295,238.08260617478828,0,0,9.77774384119274,0.33,0.35,7.236252444777277,threshold70,4,0.010803900000155409
17,332.72909117647066,261.0148907302353,123.59017647058823,2.764705882352941,24.705882352941178,31.09329411764706,3.0,2.2676470588235293,0.054131347976153675,251.58386374702349,0,0,13.567326382343548,0.33,0.35,7.236252444777277,risk_myopic,4,0.010457700000188197
17,519.1594205882353,280.09665477402626,147.5295882352941,5.0588235294117645,150.0,26.772529411764705,0.8235294117647058,0.5235294117647059,0.08252278692784486,181.47227096618303,0,0,17.854775264701697,0.33,1.0,8.633779150467147,fixed_daily,0,0.017364000000270607
17,310.4149617647059,223.43945686330358,115.17929411764706,2.764705882352941,21.235294117647058,26.290882352941175,12.764705882352942,8.15,2.0910875633473776,228.26049208191014,0,0,5.376239117645823,0.33,1.0,8.633779150467147,threshold70,0,0.01575120000006791
17,278.1787235294118,219.3746329864706,104.0975294117647,2.2941176470588234,23.88235294117647,26.226058823529414,10.470588235294118,6.111764705882353,1.5705705476704777,251.9373799909361,0,0,10.17420140592217,0.33,1.0,8.633779150467147,risk_myopic,0,0.018720900000062102
17,495.52752941176476,265.0835686266508,141.89494117647058,5.0,150.0,25.47394117647059,1.0588235294117647,0.8294117647058824,0.23865976404736872,179.5267749876255,0,0,18.71545252351857,0.33,1.0,8.966387228487728,fixed_daily,1,0.01616489999969417
17,293.46940588235293,213.21697099288002,110.20664705882352,2.588235294117647,20.41176470588235,24.97429411764706,11.647058823529411,7.429411764705883,1.9451695472125916,226.61331946989426,0,0,4.795660117654787,0.33,1.0,8.966387228487728,threshold70,1,0.016214400000080786
17,265.1680676470588,210.31105588858827,99.68876470588236,2.176470588235294,22.58823529411765,25.227823529411765,7.529411764705882,4.652941176470588,0.9570322689952924,253.06586558518305,0,0,7.269376123529476,0.33,1.0,8.966387228487728,risk_myopic,1,0.01265880000028119
17,554.3843794117647,286.0758843318541,150.00282352941176,5.294117647058823,150.0,29.009235294117644,2.823529411764706,1.9176470588235295,0.4044881236170188,193.3912616546826,0,0,19.692320923492147,0.33,1.0,7.694818619847957,fixed_daily,2,0.018155599999772676
17,319.44350294117646,227.1169738924753,114.5674705882353,2.8823529411764706,22.058823529411764,27.440823529411766,23.176470588235293,15.870588235294118,4.850038310223781,239.51670913671728,0,0,8.425162529401646,0.33,1.0,7.694818619847957,threshold70,2,0.017664700000295852
17,301.03031470588235,233.40473274447064,110.56711764705882,2.5294117647058822,29.823529411764707,28.70041176470588,10.058823529411764,6.06764705882353,1.6071920789817737,259.57456769670375,0,0,7.737381147070075,0.33,1.0,7.694818619847957,risk_myopic,2,0.012207100000068749
17,508.91102647058824,278.3560940769896,151.78670588235292,5.0,150.0,25.25123529411765,0.7058823529411765,0.45882352941176474,0.23838066040952366,166.35999277624097,0,0,16.68151686469997,0.33,1.0,9.172033481247519,fixed_daily,3,0.012760999999954947
17,293.5372411764706,219.30586725049884,109.96864705882354,2.5294117647058822,19.58823529411765,24.281117647058824,15.529411764705882,9.241176470588234,2.164330200106371,220.80036716347493,0,0,7.859605700030977,0.33,1.0,9.172033481247519,threshold70,3,0.017129299999851355
17,268.9927764705883,217.1405710347059,102.52188235294118,2.176470588235294,23.529411764705884,24.892058823529414,10.176470588235293,4.685294117647059,1.4129346937572922,242.79752041458005,0,0,11.327447294100079,0.33,1.0,9.172033481247519,risk_myopic,3,0.01731679999966218
17,602.0797794117648,309.10881086697617,161.73188235294117,5.588235294117647,150.0,31.35829411764706,0.5294117647058824,0.4499999999999999,0.12740878521699012,193.890614895677,0,0,16.02796598235556,0.33,1.0,7.236252444777277,fixed_daily,4,0.014512199999899167
17,355.733255882353,261.8024177681412,132.68376470588237,3.1176470588235294,24.58823529411765,30.732882352941175,20.235294117647058,14.388235294117647,3.4560130117957155,231.62504034360333,0,0,5.663502935313291,0.33,1.0,7.236252444777277,threshold70,4,0.018108099999608385
17,333.4839,262.7204218104706,124.14929411764706,2.764705882352941,34.411764705882355,31.283411764705882,9.529411764705882,6.694117647058824,1.3631677396455726,251.98219600879017,0,0,11.260412376456182,0.33,1.0,7.236252444777277,risk_myopic,4,0.012572799999816198
17,765.3739470588235,338.0538752982507,189.03376470588236,6.647058823529412,150.0,39.73729411764706,0.0,0.0,0.0,210.21267909187713,0,0,24.65752289411338,0.5,0.35,5.698294239308317,fixed_daily,0,0.017840399999840884
17,444.2299382352941,322.93559719952003,160.45129411764705,3.9411764705882355,32.411764705882355,39.65282352941176,5.352941176470588,3.4499999999999997,0.3920207126824932,247.1330863828202,0,0,8.361633029410287,0.5,0.35,5.698294239308317,threshold70,0,0.01706659999990734
17,413.7297529411765,321.3593588430588,152.21811764705882,3.4705882352941178,33.411764705882355,39.38741176470588,3.4705882352941178,2.085294117647059,0.08186074871407974,258.75639755335607,0,0,11.608682994107607,0.5,0.35,5.698294239308317,risk_myopic,0,0.01568040000029214
17,717.4289,342.308484216874,185.34882352941176,6.705882352941177,150.0,39.04194117647059,0.0,0.0,0.0,210.6403506266404,0,0,25.597604488228065,0.5,0.35,5.917815570801901,fixed_daily,1,0.015379399999801535
17,440.2928147058824,322.30966450257887,160.01764705882354,3.8823529411764706,32.470588235294116,39.29435294117647,2.7058823529411766,1.8411764705882352,0.1460775297822987,245.56262176965774,0,0,12.529365347054622,0.5,0.35,5.917815570801901,threshold70,1,0.01315950000025623
17,413.32062352941176,320.6100680792942,151.91505882352942,3.4705882352941178,32.470588235294116,39.45376470588236,3.235294117647059,1.7794117647058822,0.16347675379801066,259.709373194618,0,0,11.530372947036726,0.5,0.35,5.917815570801901,risk_myopic,1,0.017016099999636936
17,741.4460147058824,392.4726056027765,210.05617647058824,6.529411764705882,150.0,44.20735294117647,0.0,0.0,0.0,210.45490632057812,0,0,20.257145147051606,0.5,0.35,5.078580289099652,fixed_daily,2,0.00993579999976646
17,479.30150000000003,347.44712112167934,169.84117647058824,4.176470588235294,36.0,44.081647058823535,10.058823529411764,7.2558823529411764,0.5958862537846161,259.5462889204447,0,0,16.570674770587015,0.5,0.35,5.078580289099652,threshold70,2,0.014472000000296248
17,454.21014705882357,345.50793970305887,163.9029411764706,3.8823529411764706,39.35294117647059,43.60605882352941,4.0588235294117645,2.2911764705882356,0.1433624759551018,266.04805570010944,0,0,18.49975684704944,0.5,0.35,5.078580289099652,risk_myopic,2,0.01383510000005117
17,688.8497382352941,363.68584250867974,186.6690588235294,6.0,150.0,37.187411764705885,0.0,0.0,0.0,199.21572433630578,0,0,17.262384705909746,0.5,0.35,6.053542097623362,fixed_daily,3,0.016318500000124914
17,419.5755205882353,319.0426247321177,155.74576470588235,3.588235294117647,30.41176470588235,37.171058823529414,5.411764705882353,3.447058823529412,0.3953575742618053,238.66497361083938,0,0,8.224855505875038,0.5,0.35,6.053542097623362,threshold70,3,0.01235499999984313
17,396.27927352941185,316.4723760369412,149.74935294117648,3.235294117647059,31.176470588235293,36.92205882352941,2.4705882352941178,1.1235294117647059,0.0955738910805436,246.5590541685538,0,0,15.306399935281233,0.5,0.35,6.053542097623362,risk_myopic,3,0.015624699999989389
17,752.0594352941177,441.73971414161355,227.50376470588233,6.176470588235294,150.0,47.86464705882353,0.0,0.0,0.0,210.39057142945794,0,0,22.583889305906588,0.5,0.35,4.775926613553002,fixed_daily,4,0.012491400000271824
17,523.600161764706,393.1835109308518,190.0034705882353,4.529411764705882,38.05882352941177,47.37894117647059,12.705882352941176,8.988235294117647,1.3171708209520165,249.35829345532076,0,0,10.424977617632763,0.5,0.35,4.775926613553002,threshold70,4,0.01642729999957737
17,510.2538970588235,395.3107816794118,187.11617647058824,4.294117647058823,44.294117647058826,48.18341176470589,4.352941176470588,3.2058823529411766,0.15626494733985302,257.5053246253114,0,0,13.903068917625419,0.5,0.35,4.775926613553002,risk_myopic,4,0.010588799999823095
17,720.8381676470589,341.2450073664182,185.26382352941178,6.411764705882353,150.0,38.34170588235294,5.176470588235294,3.1941176470588237,0.9344425729593926,206.95732794409244,0,0,19.535358576473836,0.5,1.0,5.698294239308317,fixed_daily,0,0.010264300000017101
17,413.97411176470587,302.62122919367533,150.01923529411766,3.6470588235294117,29.235294117647058,36.94270588235294,35.0,22.029411764705884,6.284978108632813,246.25312754011543,0,0,10.122718523516703,0.5,1.0,5.698294239308317,threshold70,0,0.013096700000005512
17,398.46059117647064,314.04580648494124,148.75076470588235,3.2941176470588234,52.1764705882353,37.96682352941177,12.294117647058824,7.608823529411764,2.2300151204203544,255.23783763049366,0,0,12.387746841187917,0.5,1.0,5.698294239308317,risk_myopic,0,0.014982900000177324
17,699.9733117647058,352.9661767300834,185.52388235294117,6.294117647058823,150.0,39.390764705882354,7.647058823529412,4.747058823529412,1.9466113805714764,212.32180033266687,0,0,17.842692811767954,0.5,1.0,5.917815570801901,fixed_daily,1,0.015435599999818805
17,421.2246970588235,308.5103982025271,151.8249411764706,3.7058823529411766,29.176470588235293,37.413823529411765,38.588235294117645,24.599999999999998,9.193298174027028,246.42738695959434,0,0,10.972995611777364,0.5,1.0,5.917815570801901,threshold70,1,0.011600799999996525
17,408.04586470588237,323.6435736527059,153.2365882352941,3.3529411764705883,48.94117647058823,39.34311764705882,13.705882352941176,8.461764705882352,3.14719279970122,256.7475437827396,0,0,12.808611929444048,0.5,1.0,5.917815570801901,risk_myopic,1,0.015026499999748921
17,722.2528911764706,376.33573194804904,201.49517647058823,6.411764705882353,150.0,43.499235294117646,10.764705882352942,7.385294117647058,2.2238849903237132,215.88226604753055,0,0,20.677724894088254,0.5,1.0,5.078580289099652,fixed_daily,2,0.017443299999740702
17,448.3141205882353,326.3610128515167,159.74276470588234,3.8823529411764706,31.647058823529413,40.96623529411765,56.94117647058823,39.44117647058823,12.563628402442992,256.45127257903977,0,0,9.321668294114609,0.5,1.0,5.078580289099652,threshold70,2,0.011485500000162574
17,450.78318529411763,357.8751997876471,169.2075882352941,3.7058823529411766,74.11764705882354,43.56523529411765,19.647058823529413,11.605882352941178,3.7357548373939293,257.4662031914158,0,0,18.037065511754275,0.5,1.0,5.078580289099652,risk_myopic,2,0.012173600000096485
17,694.5826000000001,367.37225575303466,189.7985294117647,6.0588235294117645,150.0,37.844470588235296,8.176470588235293,4.8088235294117645,2.2410087877617326,199.39285465237907,0,0,20.344837764682083,0.5,1.0,6.053542097623362,fixed_daily,3,0.015167399999882036
17,411.53355,311.20688884915296,151.82458823529413,3.5294117647058822,28.294117647058822,36.281294117647064,38.23529411764706,21.54705882352941,8.618518054764214,238.96850002595875,0,0,8.030276452951298,0.5,1.0,6.053542097623362,threshold70,3,0.014063000000078318
17,398.08395,325.9365775696471,153.7005294117647,3.176470588235294,49.94117647058823,37.46217647058823,20.529411764705884,9.020588235294117,3.774167885852325,243.7348564377864,0,0,12.705049711765776,0.5,1.0,6.053542097623362,risk_myopic,3,0.01594939999995404
17,727.9825176470589,423.8707711298656,214.914,6.0,150.0,46.564058823529415,8.941176470588236,6.647058823529412,2.75622919976198,216.66368325716059,0,0,22.300674511763432,0.5,1.0,4.775926613553002,fixed_daily,4,0.011566099999981816
17,497.78315588235296,365.56780352255197,179.76217647058823,4.294117647058823,34.529411764705884,44.50570588235294,55.294117647058826,39.35294117647059,12.280385622366921,247.58103598970797,0,0,12.802160452969153,0.5,1.0,4.775926613553002,threshold70,4,0.013594500000181142
17,489.14122941176475,390.52311313882353,184.5490588235294,4.0,77.94117647058823,46.08888235294118,16.235294117647058,11.535294117647059,4.047632220794413,249.73783473484175,0,0,18.88653777059003,0.5,1.0,4.775926613553002,risk_myopic,4,0.009905200000048353
17,963.1757911764706,553.5530071973332,297.13323529411764,7.0,150.0,79.28694117647058,4.9411764705882355,3.2588235294117647,0.8559661127188674,266.83969263144974,0,0,32.27277488233385,1.0,0.35,2.8491471196541585,fixed_daily,0,0.014818300000115414
17,902.6916294117648,525.7784627699423,280.7428823529412,6.764705882352941,58.1764705882353,77.31470588235294,84.52941176470588,54.29705882352942,11.106246421178366,275.3932895265901,0,0,35.14835629410877,1.0,0.35,2.8491471196541585,threshold70,0,0.014452400000209309
17,891.5313852941176,555.0719154656995,291.6152352941176,6.647058823529412,91.17647058823529,79.15141176470588,9.294117647058824,5.81764705882353,1.1940080729123022,271.42413078958396,0,0,34.83335480587694,1.0,0.35,2.8491471196541585,risk_myopic,0,0.009175900000172987
17,952.9441323529413,546.0525436960559,296.30329411764706,7.0,150.0,78.03452941176471,2.3529411764705883,2.0176470588235293,0.22765399650414012,263.36031681369406,0,0,30.63461825880907,1.0,0.35,2.9589077854009505,fixed_daily,1,0.014893499999743653
17,888.3278970588236,514.9909107597123,273.86511764705887,6.647058823529412,57.11764705882353,75.88405882352941,88.58823529411765,56.300000000000004,11.46861458987311,277.08552106049626,0,0,25.420483011745517,1.0,0.35,2.9589077854009505,threshold70,1,0.008447899999737274
17,886.6680676470588,534.7978002479275,281.7444705882353,6.411764705882353,90.0,77.61070588235295,4.647058823529412,3.2794117647058822,0.46679540630156374,275.4648768095245,0,0,30.93569778235328,1.0,0.35,2.9589077854009505,risk_myopic,1,0.011419299999943178
17,1029.536029411765,592.6181281653198,325.2718235294118,7.705882352941177,150.0,88.0864705882353,10.647058823529411,7.179411764705883,1.331570657061433,270.80879503314964,0,0,61.12881019412239,1.0,0.35,2.539290144549826,fixed_daily,2,0.013628400000015972
17,980.4884147058825,543.0133472259719,301.16417647058825,7.411764705882353,62.529411764705884,83.73035294117646,132.76470588235293,92.05588235294118,21.579755855050433,278.0222864566151,1,0,38.51630222349537,1.0,0.35,2.539290144549826,threshold70,2,0.014014700000188896
17,998.9286764705884,586.1241856381365,318.1991176470588,7.352941176470588,107.58823529411765,87.87705882352941,15.941176470588236,9.408823529411764,1.5849361056076203,276.1700267220765,0,0,55.114836123545984,1.0,0.35,2.539290144549826,risk_myopic,2,0.01673770000024888
17,923.6766205882353,555.7078388767168,299.5824705882353,6.705882352941177,150.0,74.20505882352941,5.0588235294117645,3.288235294117647,0.7658916669813802,247.69492913863255,0,0,35.020051500006744,1.0,0.35,3.026771048811681,fixed_daily,3,0.02158419999977923
17,842.5584705882354,523.072571321697,274.38005882352945,6.352941176470588,53.94117647058823,71.50823529411765,80.23529411764706,46.98823529411765,13.265506611278939,260.6174646974216,0,0,26.166150952935876,1.0,0.35,3.026771048811681,threshold70,3,0.022971899999902234
17,833.9689352941177,553.5564661985634,283.1081176470588,6.176470588235294,81.41176470588235,73.58670588235293,8.235294117647058,4.394117647058824,1.0348423160536642,259.92439388153105,0,0,25.049963176462743,1.0,0.35,3.026771048811681,risk_myopic,3,0.022844099999929313
17,1166.1916029411766,686.7929749986583,396.0811176470588,8.941176470588236,149.52941176470588,95.23582352941176,18.705882352941178,13.323529411764707,3.990909897732382,240.44525044557867,3,0,87.55958760587279,1.0,0.35,2.387963306776501,fixed_daily,4,0.019977299999936804
17,1068.4184911764708,620.8299722221694,345.3584705882353,8.058823529411764,66.29411764705883,90.0595294117647,150.05882352941177,107.1735294117647,27.093020653014907,260.77116121799446,2,0,51.54030378821635,1.0,0.35,2.387963306776501,threshold70,4,0.01797390000001542
17,1146.117261764706,678.3313264859618,388.1810588235294,8.705882352941176,112.88235294117646,95.26141176470588,21.294117647058822,15.105882352941178,3.090033995002172,245.4045853072202,0,0,70.43169052939287,1.0,0.35,2.387963306776501,risk_myopic,4,0.015406499999699008
17,899.3107470588236,521.505398160004,284.3734705882353,6.647058823529412,150.0,71.97711764705883,61.35294117647059,37.82058823529412,23.789851790239855,253.1077090214215,0,0,30.33750852941097,1.0,1.0,2.8491471196541585,fixed_daily,0,0.014576300000044284
17,733.8268088235294,461.6564902379429,237.45858823529412,5.647058823529412,48.35294117647059,65.13923529411764,142.76470588235293,89.71470588235294,55.129189109076336,274.3182959951407,0,0,16.0727138882229,1.0,1.0,2.8491471196541585,threshold70,0,0.009658099999796832
17,862.2757823529413,505.6565999960687,272.21876470588234,6.117647058823529,138.23529411764707,72.045,62.529411764705884,38.46764705882353,23.943220404657836,264.65846348924816,0,0,26.303944158840324,1.0,1.0,2.8491471196541585,risk_myopic,0,0.010798799999975017
17,906.9542323529413,521.8310632103086,281.30600000000004,6.764705882352941,150.0,73.27664705882353,58.94117647058823,38.10588235294118,27.551504816379847,260.4873236220469,0,0,25.539000100004213,1.0,1.0,2.9589077854009505,fixed_daily,1,0.01253999999971711
17,769.707461764706,472.7410176682676,244.4484705882353,5.9411764705882355,49.05882352941177,67.2994705882353,146.35294117647058,90.83823529411765,54.5584715297955,275.3114815007325,0,0,20.016637758851765,1.0,1.0,2.9589077854009505,threshold70,1,0.010168400000111433
17,859.4279147058825,516.2592980691093,273.2861764705882,6.0588235294117645,139.47058823529412,73.15582352941176,60.05882352941177,38.720588235294116,27.863967753324033,267.6894399643554,0,0,25.54302575293353,1.0,1.0,2.9589077854009505,risk_myopic,1,0.01514309999993202
17,962.1363117647061,538.436712705467,295.67158823529417,7.235294117647059,150.0,78.77329411764705,87.23529411764706,59.949999999999996,42.22728374655454,266.42158818100444,0,0,33.73081212940708,1.0,1.0,2.539290144549826,fixed_daily,2,0.011827699999685137
17,820.9449735294119,484.9512624206145,259.2337058823529,6.294117647058823,51.94117647058823,71.42694117647059,168.7058823529412,113.14117647058823,75.2577565002972,275.53107314249485,0,0,21.685580729417886,1.0,1.0,2.539290144549826,threshold70,2,0.010773900000003778
17,917.7553529411765,542.4911389151786,291.2886470588235,6.647058823529412,135.23529411764707,78.83176470588236,88.94117647058823,60.205882352941174,42.591512731408784,270.6310922236625,0,0,37.206715200007345,1.0,1.0,2.539290144549826,risk_myopic,2,0.012846500000250671
17,880.4762411764706,523.5460498599227,279.57870588235295,6.235294117647059,150.0,69.81858823529411,66.23529411764706,37.75882352941177,30.954373188578483,249.7278468148925,0,0,23.13653164706193,1.0,1.0,3.026771048811681,fixed_daily,3,0.013662199999998847
17,732.7424352941176,489.0138547029312,246.87158823529413,5.705882352941177,46.88235294117647,63.89752941176471,133.7058823529412,72.32058823529412,56.78550978639262,258.82901255880347,0,0,14.05390901175355,1.0,1.0,3.026771048811681,threshold70,3,0.01280559999986508
17,803.8138823529413,524.0847992480504,270.5185294117647,5.705882352941177,118.70588235294117,69.41735294117647,70.88235294117646,38.920588235294126,31.95632786757592,256.60849588426584,0,0,17.297805929446923,1.0,1.0,3.026771048811681,risk_myopic,3,0.014966599999752361
17,1027.7828764705885,610.9071629912248,333.46376470588234,7.470588235294118,150.0,85.31870588235293,90.58823529411765,64.70588235294117,40.791614996593886,255.8560026982383,0,0,47.060769705909905,1.0,1.0,2.387963306776501,fixed_daily,4,0.015574999999898864
17,898.0120088235295,540.5681905042442,289.0196470588235,6.705882352941177,55.470588235294116,76.34488235294118,190.47058823529412,134.94117647058823,79.52000307781526,264.1511853254837,0,0,24.733481411767357,1.0,1.0,2.387963306776501,threshold70,4,0.01550600000018676
17,1018.7999411764707,611.8644274119515,332.5147647058824,7.411764705882353,146.94117647058823,85.29817647058823,91.3529411764706,65.12647058823529,40.85046609701308,256.5244780815571,0,0,30.97180429413257,1.0,1.0,2.387963306776501,risk_myopic,4,0.017387099999723432
