cv,capacity,policy,total_per_day,d_total_pct,co2_kg,overflow_m3,d_overflow_m3,trucks
1.0,current,fixed_daily,2855,+0.0 ± 0.0,1738,151.1 ± 5.5,+0.0 ± 0.0,22.1
1.0,current,threshold70,2619,-8.3 ± 1.0,1433,281.7 ± 8.3,+130.6 ± 8.2,18.8
1.0,current,risk_myopic,3082,+8.0 ± 0.5,1722,151.1 ± 5.5,+0.0 ± 0.0,23.2
1.0,current,risk_cfa_t5,3086,+8.1 ± 0.6,1721,151.1 ± 5.5,+0.0 ± 0.0,23.3
1.0,double,fixed_daily,3741,+31.0 ± 0.3,2042,15.6 ± 2.1,-135.5 ± 5.2,30.2
1.0,double,threshold70,3427,+20.0 ± 1.1,1774,89.9 ± 5.2,-61.3 ± 7.1,22.8
1.0,double,risk_myopic,3450,+20.8 ± 0.8,1879,25.0 ± 4.0,-126.1 ± 6.3,22.4
1.0,double,risk_cfa_t5,3464,+21.3 ± 1.0,1890,23.9 ± 3.2,-127.2 ± 5.7,22.6
0.35,current,fixed_daily,3113,+0.0 ± 0.0,1963,1.2 ± 0.2,+0.0 ± 0.0,23.5
0.35,current,threshold70,3050,-2.0 ± 0.6,1736,74.1 ± 2.4,+72.9 ± 2.6,22.2
0.35,current,risk_myopic,3197,+2.7 ± 0.4,1929,1.5 ± 0.2,+0.3 ± 0.2,22.8
0.35,current,risk_cfa_t5,3207,+3.0 ± 0.2,1946,1.5 ± 0.3,+0.3 ± 0.3,22.8
0.35,double,fixed_daily,3901,+25.3 ± 0.8,2175,0.0 ± 0.0,-1.2 ± 0.2,31.4
0.35,double,threshold70,3584,+15.1 ± 0.8,1868,10.1 ± 2.4,+8.9 ± 2.4,24.3
0.35,double,risk_myopic,3583,+15.1 ± 0.2,1889,2.2 ± 1.5,+1.0 ± 1.6,24.0
0.35,double,risk_cfa_t5,3551,+14.1 ± 0.9,1907,1.6 ± 1.6,+0.4 ± 1.6,23.5
