days,cost_per_day,co2_kg_per_day,km_per_day,truck_shifts_per_day,points_served_per_day,t_per_day,overflow_bins_per_day,overflow_weighted_per_day,overflow_volume_bins_per_day,kg_per_km,relaxed_days,non_optimal_days,mean_solve_s,cv,capacity,bins,policy,rep,sim_s
17,2857.923023529412,1727.3717193541315,997.2344705882354,22.235294117647058,323.0,249.88417647058824,299.29411764705884,181.18529411764706,137.86147724986017,250.5771549625535,0,0,35.6324697529404,1.0,current,2852,fixed_daily,0,0.016832799999974668
17,2496.4278488235295,1456.507227745465,833.7847647058824,19.235294117647058,126.41176470588235,226.32135294117649,551.4705882352941,336.6205882352941,250.13774658876633,271.43858046028384,0,0,26.877156335278414,1.0,current,2852,threshold70,0,0.01389100000005783
17,2937.7453970588235,1737.1312038669787,1009.724705882353,23.352941176470587,322.94117647058823,249.88423529411764,299.29411764705884,181.18529411764706,137.86147724986017,247.47758853315872,0,0,42.0429166411666,1.0,current,2852,risk_myopic,0,0.017125600000326813
17,2947.4505105882354,1732.4587530293309,1009.1631764705883,23.470588235294116,323.0,249.88417647058824,299.29411764705884,181.18529411764706,137.86147724986017,247.6152343811477,0,0,40.589755935299976,1.0,current,2852,risk_cfa_t5,0,0.014245000000300934
17,2856.5249847058826,1728.1667854245468,997.979411764706,22.235294117647058,323.0,249.00111764705883,319.5882352941176,194.0,141.95100489435896,249.50526505026332,0,0,35.510246958802725,1.0,current,2852,fixed_daily,1,0.014081400000122812
17,2460.208161764706,1434.7950792253666,817.2007647058824,18.88235294117647,125.94117647058823,224.2154705882353,541.5882352941177,328.77647058823527,254.65953484383937,274.37011842363165,0,0,26.553974770591594,1.0,current,2852,threshold70,1,0.013703800000257615
17,2910.707729411765,1715.6425105061976,995.5288235294119,23.058823529411764,322.94117647058823,249.00117647058826,319.5882352941176,194.0,141.95100489435896,250.11950491580293,0,0,42.61903572355753,1.0,current,2852,risk_myopic,1,0.013262000000395346
17,2918.9796347058827,1717.1639708420837,1014.6058235294117,23.352941176470587,322.94117647058823,249.00117647058826,319.5882352941176,194.0,141.95100489435896,245.41666398524285,0,0,43.39439498237334,1.0,current,2852,risk_cfa_t5,1,0.00962210000034247
17,2851.151325882353,1744.5092993888763,1005.987705882353,22.058823529411764,323.0,248.5759411764706,305.11764705882354,186.85294117647058,140.1195481503894,247.09640060505942,0,0,34.55821379410404,1.0,current,2852,fixed_daily,2,0.012080799999694136
17,2439.2056905882355,1426.4921258970628,813.7771176470587,18.58823529411765,123.41176470588235,221.9554117647059,578.1176470588235,350.7323529411765,265.08403420864056,272.7471772694518,0,0,27.575558141147827,1.0,current,2852,threshold70,2,0.010751699999673292
17,2922.381457058824,1717.3123903245782,1021.9591764705883,23.470588235294116,322.88235294117646,248.57600000000002,305.11764705882354,186.85294117647058,140.1195481503894,243.23476487434226,0,0,40.559627994107466,1.0,current,2852,risk_myopic,2,0.01138600000012957
17,2922.399903529412,1720.5098475134898,1013.0377647058823,23.294117647058822,322.88235294117646,248.5759411764706,305.11764705882354,186.85294117647058,140.1195481503894,245.37677650017343,0,0,43.00843959412647,1.0,current,2852,risk_cfa_t5,2,0.011596199999985402
17,2869.490947647059,1757.4785116348132,992.1419411764706,22.0,323.0,250.50129411764706,295.7647058823529,178.06470588235297,135.2369456879003,252.48533876171535,0,0,34.36182027058128,1.0,current,2852,fixed_daily,3,0.014050300000235438
17,2457.6190747058827,1429.9792592764463,813.8797647058824,18.823529411764707,125.17647058823529,223.2295882352941,570.2941176470588,346.2588235294118,259.2557449997412,274.27833682038306,0,0,27.30873467058957,1.0,current,2852,threshold70,3,0.016212899999572983
17,2937.9494264705886,1732.671967392286,995.9542352941178,23.176470588235293,323.0,250.50129411764706,295.7647058823529,178.06470588235297,135.2369456879003,251.51888032653517,0,0,42.97556073529481,1.0,current,2852,risk_myopic,3,0.016101599999728933
17,2936.1592141176475,1729.243272335453,1006.7581176470587,23.41176470588235,322.8235294117647,250.4874705882353,295.7647058823529,178.06470588235297,135.2369456879003,248.80601029933706,0,0,35.633618058855916,1.0,current,2852,risk_cfa_t5,3,0.012644499999623804
17,2841.139037647059,1734.469036803946,984.7069411764705,21.823529411764707,323.0,246.64329411764703,284.05882352941177,174.81176470588235,131.77753915788594,250.4738047474023,0,0,36.32461331764866,1.0,current,2852,fixed_daily,4,0.015473500000098284
17,2426.0380411764704,1416.7958027697234,804.1016470588236,18.470588235294116,123.94117647058823,220.81264705882353,553.6470588235294,337.48823529411766,251.540356833368,274.6078780792127,0,0,19.357437641181818,1.0,current,2852,threshold70,4,0.01134490000004007
17,2889.7179323529413,1706.0763034157935,982.1911764705883,22.764705882352942,323.0,246.64329411764703,284.05882352941177,174.81176470588235,131.77753915788594,251.11536330832922,0,0,42.44320170586819,1.0,current,2852,risk_myopic,4,0.015234999999847787
17,2890.070452941177,1705.3175457017478,1006.2955882352942,23.0,322.94117647058823,246.64329411764703,284.05882352941177,174.81176470588235,131.77753915788594,245.10024390564692,0,0,36.30226496470106,1.0,current,2852,risk_cfa_t5,4,0.010739699999703589
17,3590.56011,2036.4650999785945,1207.4284117647057,30.176470588235293,323.0,276.87105882352944,67.05882352941177,41.55882352941177,16.517552851126204,229.30639707150098,0,0,59.164848129422516,1.0,double,5704,fixed_daily,0,0.01730970000016896
17,2963.1539823529415,1771.2429585087518,968.9331764705884,22.764705882352942,78.05882352941177,263.84,366.3529411764706,222.87058823529412,83.91410524596365,272.2994798888577,1,0,46.30241450587945,1.0,double,5704,threshold70,0,0.012078199999905337
17,2996.3096705882353,1885.0967924026995,1020.6511764705882,22.529411764705884,175.11764705882354,274.55347058823526,118.82352941176471,71.55882352941177,26.051399699768186,268.9983384310017,0,0,23.05516028235776,1.0,double,5704,risk_myopic,0,0.008984999999938736
17,3004.952579411765,1896.3100019171316,1029.7499411764707,22.58823529411765,187.8235294117647,274.836294117647,116.47058823529412,70.26470588235294,24.737966696598765,266.89614937355725,0,0,31.032912711770383,1.0,double,5704,risk_cfa_t5,0,0.01012540000010631
17,3599.850123529412,2036.6755863908552,1226.3368235294117,30.470588235294116,323.0,276.93464705882354,61.294117647058826,37.258823529411764,13.401349041291711,225.82266286500504,0,0,47.842651005882274,1.0,double,5704,fixed_daily,1,0.013458099999752449
17,3000.0932917647056,1798.6439901536996,975.5840588235294,23.058823529411764,78.17647058823529,265.3383529411765,365.1764705882353,223.2117647058824,77.57467468302431,271.97897561092964,1,0,49.475283882361566,1.0,double,5704,threshold70,1,0.015583599999899889
17,2991.5599711764703,1888.0289313200983,1022.2515294117647,22.470588235294116,175.2941176470588,274.6372352941176,100.70588235294117,62.03529411764707,21.4685304255182,268.65915813513374,0,0,25.52683744115947,1.0,double,5704,risk_myopic,1,0.01602679999996326
17,2995.8820041176473,1886.5915853564716,1029.9574705882353,22.58823529411765,189.47058823529412,274.96641176470587,99.88235294117646,61.41764705882354,20.955928023882883,266.9687046472564,0,0,32.78606863530106,1.0,double,5704,risk_cfa_t5,1,0.012608499999714695
17,3597.779571764706,2057.0157963705688,1207.5567058823528,30.0,323.0,276.12676470588235,70.0,42.10588235294118,14.935011391490141,228.66567123580217,0,0,53.68299893528798,1.0,double,5704,fixed_daily,2,0.011678699999720266
17,2921.806295882353,1746.7055041163312,952.6938823529412,22.41176470588235,76.6470588235294,260.30311764705885,382.5882352941176,231.16470588235296,87.1126156032621,273.228497074179,0,0,32.49989928235985,1.0,double,5704,threshold70,2,0.015569600000162609
17,2991.021179411765,1883.8435124449563,1020.1066470588237,22.470588235294116,176.64705882352942,275.0093529411765,119.05882352941177,70.16470588235293,24.462134463410745,269.58882557435027,0,0,38.52750905883937,1.0,double,5704,risk_myopic,2,0.018195699999978387
17,3020.178615882353,1894.7181531363076,1029.818882352941,22.823529411764707,189.05882352941177,274.77347058823534,116.23529411764706,69.11176470588236,22.910443755719008,266.81727757839315,0,0,27.868613005862297,1.0,double,5704,risk_cfa_t5,2,0.015025100000002567
17,3608.6308129411764,2054.6945673708797,1218.3515294117647,30.294117647058822,323.0,277.7985294117647,63.1764705882353,38.258823529411764,12.784312195293424,228.01180341267295,0,0,53.58767072935178,1.0,double,5704,fixed_daily,3,0.012036199999784003
17,2987.5790705882355,1785.3724024072546,979.9974705882352,23.058823529411764,78.94117647058823,266.26211764705886,365.88235294117646,219.25882352941176,79.01846976640086,271.6967396734578,0,0,42.88817035882761,1.0,double,5704,threshold70,3,0.01414859999977125
17,3008.337494117647,1886.5459999649354,1024.4586470588235,22.705882352941178,178.35294117647058,276.294,100.58823529411765,59.86470588235294,18.471642311789772,269.6975625060398,0,0,27.16469556469169,1.0,double,5704,risk_myopic,3,0.017776499999854423
17,3024.6211152941178,1912.4582252771356,1035.460588235294,22.764705882352942,186.58823529411765,276.4011764705882,100.3529411764706,60.15882352941177,18.410483475943856,266.93548707793013,0,0,25.72944646469071,1.0,double,5704,risk_cfa_t5,3,0.013797600000089005
17,3575.201877647059,2026.5259276083525,1198.2271176470588,30.0,323.0,272.51582352941176,64.94117647058823,39.241176470588236,13.297301310481016,227.43252887194467,0,0,46.58954838824951,1.0,double,5704,fixed_daily,4,0.013394600000083301
17,2936.428821764706,1766.0580713140494,959.8008235294118,22.470588235294116,77.76470588235294,262.081,356.0,217.68823529411767,80.89456745171937,273.0576944456736,0,0,41.67360087060233,1.0,double,5704,threshold70,4,0.019080099999882805
17,2934.947864117647,1852.6738730752177,1003.0433529411765,21.941176470588236,175.2941176470588,270.6157058823529,99.05882352941177,59.41764705882353,23.144840443200454,269.794625614974,0,0,22.57510321177816,1.0,double,5704,risk_myopic,4,0.015293200000087381
17,2944.9465594117646,1858.899278848713,1013.0357647058823,22.11764705882353,183.41176470588235,270.30976470588234,97.88235294117646,58.84117647058824,21.663483672135584,266.83141318743293,0,0,24.947468835305806,1.0,double,5704,risk_cfa_t5,4,0.013928299999861338
17,3145.544588235294,1955.4128747566342,1071.7804117647058,24.0,323.0,277.8593529411765,8.882352941176471,5.679411764705883,0.9538615434702303,259.2502623589435,0,0,27.884202747057905,0.35,current,2852,fixed_daily,0,0.011837000000014086
17,2895.1245170588236,1743.213696315044,960.5878823529412,22.176470588235293,149.7058823529412,262.5049411764706,464.11764705882354,285.88235294117646,69.59902413466703,273.27529942754416,0,0,27.076773329411964,0.35,current,2852,threshold70,0,0.009465300000101706
17,3070.59949,1964.7116956441052,1061.877,22.941176470588236,294.6470588235294,277.8465882352941,9.411764705882353,5.970588235294118,1.0948174606935945,261.65609410062945,0,0,35.1058491235325,0.35,current,2852,risk_myopic,0,0.01735159999998359
17,3073.440827647059,1965.7738915478428,1068.992823529412,23.0,308.47058823529414,277.575,9.588235294117647,6.067647058823529,0.995067039198251,259.66030256737537,0,0,35.708410082371245,0.35,current,2852,risk_cfa_t5,0,0.00955759999988004
17,3095.3162899999998,1947.8458077756354,1060.720411764706,23.352941176470587,323.0,274.16705882352943,15.294117647058824,9.452941176470588,1.3497100036831964,258.47250206810054,0,0,30.554536599980885,0.35,current,2852,fixed_daily,1,0.014415199999803008
17,2880.742597058824,1739.2472072742291,957.181705882353,22.176470588235293,148.88235294117646,260.1785294117647,438.70588235294116,266.17058823529413,65.71108649146743,271.8172817270112,0,0,25.320890741176246,0.35,current,2852,threshold70,1,0.014552299999650131
17,3024.3528864705886,1931.6224063789214,1044.5670588235294,22.58823529411765,293.05882352941177,274.168,17.88235294117647,10.876470588235295,1.5736573177950626,262.4704634174361,0,0,35.71699938821771,0.35,current,2852,risk_myopic,1,0.015558400000372785
17,3033.4529482352937,1936.6655635469278,1051.1139411764705,22.647058823529413,309.88235294117646,274.02882352941174,16.352941176470587,10.220588235294118,1.4941753631776107,260.7032528012159,0,0,36.42799435291604,0.35,current,2852,risk_cfa_t5,1,0.015227299999878596
17,3123.4333794117647,1971.1743249428273,1074.3894705882353,23.58823529411765,323.0,275.7515882352941,10.882352941176471,7.1499999999999995,1.1242367214625675,256.6588707206134,0,0,30.799935929422432,0.35,current,2852,fixed_daily,2,0.012080999999852793
17,2911.1839764705883,1756.5786718479421,968.3505294117647,22.352941176470587,149.58823529411765,262.28017647058823,431.29411764705884,262.8970588235294,65.38630348451989,270.8525151836425,0,0,27.336654511793956,0.35,current,2852,threshold70,2,0.011871500000324886
17,3040.9508470588235,1937.2223103094357,1053.863705882353,22.823529411764707,294.8235294117647,276.08294117647057,14.058823529411764,8.897058823529411,1.3647003160176086,261.9721503221507,0,0,36.73472532353309,0.35,current,2852,risk_myopic,2,0.011661000000003696
17,3051.0447547058825,1935.9484402023493,1052.7781764705883,22.941176470588236,310.94117647058823,275.4925294117647,13.235294117647058,8.444117647058825,1.203479335232361,261.6814591800775,0,0,38.15360981178031,0.35,current,2852,risk_cfa_t5,2,0.00884600000017599
17,3107.7860535294117,1997.9387101225327,1076.3521764705883,23.11764705882353,323.0,275.17117647058825,8.647058823529411,5.179411764705883,0.9894383393694487,255.65161894584358,0,0,30.35746676470701,0.35,current,2852,fixed_daily,3,0.014607900000100926
17,2892.1132005882355,1730.4543206755056,966.6595294117647,22.352941176470587,149.11764705882354,260.5474117647059,448.29411764705884,275.92058823529413,68.34358322030822,269.5337953408013,0,0,26.42612362945425,0.35,current,2852,threshold70,3,0.01762319999988904
17,3036.853058235294,1902.1813793349754,1047.4231764705883,23.058823529411764,293.2352941176471,274.8564117647059,13.470588235294118,8.100000000000001,1.3947342544460894,262.4120011272482,0,0,35.820381605881266,0.35,current,2852,risk_myopic,3,0.012839299999996001
17,3041.3185405882355,1967.781156376057,1062.5577647058824,22.529411764705884,309.47058823529414,274.77747058823525,9.882352941176471,5.858823529411765,1.351194991049284,258.6000307139011,0,0,37.94326440589366,0.35,current,2852,risk_cfa_t5,3,0.01740350000000035
17,3090.7185600000003,1944.8453421806737,1064.9845294117647,23.41176470588235,323.0,272.7918235294118,10.705882352941176,7.085294117647059,1.075241606998054,256.14627818122955,0,0,33.369596829405054,0.35,current,2852,fixed_daily,4,0.013479199999892444
17,2858.037032352941,1709.1207298255224,951.9466470588236,22.058823529411764,147.76470588235293,257.83376470588234,450.8235294117647,277.02647058823527,67.81885962723025,270.84896564581317,0,0,27.430157576454803,0.35,current,2852,threshold70,4,0.013057800000296993
17,2997.8882164705883,1907.520383488988,1040.2525294117647,22.470588235294116,295.70588235294116,272.9625882352941,14.764705882352942,9.585294117647058,1.4826359368358135,262.40031196044987,0,0,36.83665288232869,0.35,current,2852,risk_myopic,4,0.009463400000186084
17,3024.3150270588235,1924.4646714746607,1049.0019411764706,22.647058823529413,310.2352941176471,272.78035294117643,15.235294117647058,9.844117647058823,1.602545826877718,260.0379868079647,0,0,40.78481973529629,0.35,current,2852,risk_cfa_t5,4,0.016656799999964278
17,3765.880248823529,2174.762604752008,1306.7740588235295,31.470588235294116,323.0,278.1081764705882,0.0,0.0,0.0,212.82039889968829,0,0,64.98181951762972,0.35,double,5704,fixed_daily,0,0.014960399999836227
17,3151.938356470588,1885.0741158547535,1040.8162352941176,24.58823529411765,87.05882352941177,280.89282352941177,114.11764705882354,69.43529411764706,11.049056658642701,269.8774423421979,2,0,47.93077366471099,0.35,double,5704,threshold70,0,0.011376100000234146
17,3162.6637641176467,1917.5212843284623,1045.6764117647058,24.41176470588235,96.41176470588235,282.5790588235294,29.764705882352942,17.64117647058824,2.356738882768863,270.23566338906215,1,0,23.414603935280706,0.35,double,5704,risk_myopic,0,0.015841399999771966
17,3115.560104705882,1943.1913465353684,1047.2105882352942,23.58823529411765,102.94117647058823,281.19035294117646,17.294117647058822,10.42941176470588,0.7107565857773075,268.51366487329364,0,0,23.255600382341072,0.35,double,5704,risk_cfa_t5,0,0.009289699999953882
17,3743.5853705882346,2175.2396179217844,1303.0926470588236,31.41176470588235,323.0,274.46411764705886,0.0,0.0,0.0,210.62517562856686,0,0,64.95842726471807,0.35,double,5704,fixed_daily,1,0.014854300000024523
17,3126.781000588235,1866.909821559348,1034.2946470588233,24.41176470588235,86.58823529411765,277.3564117647059,89.05882352941177,55.088235294117645,8.907855089390168,268.1599605619266,2,0,50.742581382345904,0.35,double,5704,threshold70,1,0.03519059999962337
17,3101.7770747058826,1884.355176499069,1022.913,23.764705882352942,95.70588235294117,278.7964705882353,22.470588235294116,13.876470588235295,1.4118694211953544,272.55149811199516,0,0,22.19753827649059,0.35,double,5704,risk_myopic,1,0.03645679999999629
17,3062.8106129411763,1896.2049923206787,1024.0022941176471,23.235294117647058,102.94117647058823,277.99823529411765,8.823529411764707,5.205882352941177,0.6281694306194987,271.48204343981536,0,0,19.25760847058914,0.35,double,5704,risk_cfa_t5,1,0.023579599999720813
17,3754.9428382352935,2180.6204209444745,1305.1679411764705,31.41176470588235,323.0,276.0053529411765,0.0,0.0,0.0,211.4711404054155,0,0,67.78614544704118,0.35,double,5704,fixed_daily,2,0.0230930000002445
17,3106.0845223529413,1863.2839062065086,1027.5046470588234,24.11764705882353,86.3529411764706,277.34623529411766,96.70588235294117,60.28235294117647,10.83077941936228,269.92212257920806,2,0,48.23366515295964,0.35,double,5704,threshold70,2,0.023128700000143
17,3126.582958235294,1890.9983093715607,1033.991294117647,24.11764705882353,96.3529411764706,279.88088235294117,35.76470588235294,21.18823529411765,3.8325742554016538,270.68011495374975,1,0,23.992068776491042,0.35,double,5704,risk_myopic,2,0.023078700000041863
17,3087.9791847058823,1898.7686858137326,1028.7981176470587,23.58823529411765,104.0,279.1258823529412,38.94117647058823,22.617647058823533,3.3780752029158876,271.3125904539209,1,0,19.799883670584464,0.35,double,5704,risk_cfa_t5,2,0.020637099999930797
17,3760.2357252941174,2172.834939270416,1303.0284705882352,31.529411764705884,323.0,275.38111764705883,0.0,0.0,0.0,211.3392944689394,0,0,70.07567921761587,0.35,double,5704,fixed_daily,3,0.03374630000007528
17,3121.5968164705882,1873.4298663949696,1036.859882352941,24.352941176470587,86.70588235294117,278.14229411764705,90.94117647058823,54.347058823529416,8.283242000160064,268.25446605809464,2,0,47.31287320586168,0.35,double,5704,threshold70,3,0.021735300000273128
17,3103.6449394117644,1881.873926575695,1032.1839411764706,23.941176470588236,95.88235294117646,277.6577058823529,24.0,13.588235294117647,1.1106640322168673,269.0002186682754,0,0,30.250256864682715,0.35,double,5704,risk_myopic,3,0.018469999999979336
17,3062.4337458823534,1904.008673372789,1028.2405294117648,23.176470588235293,102.58823529411765,277.6704705882353,21.41176470588235,12.658823529411766,0.8370669278968654,270.0442772345152,0,0,20.25899497055969,0.35,double,5704,risk_cfa_t5,3,0.01988290000008419
17,3746.7604405882344,2172.9380361469953,1302.1202352941177,31.352941176470587,323.0,272.9852941176471,0.0,0.0,0.0,209.64676434506544,0,0,70.67632860590375,0.35,double,5704,fixed_daily,4,0.024804499999845575
17,3085.849573529412,1850.0536622499217,1025.9165294117647,24.058823529411764,86.05882352941177,274.88876470588235,89.17647058823529,56.42941176470588,6.907831351170678,267.9445713419754,2,0,54.822455964694896,0.35,double,5704,threshold70,4,0.021963500000310887
17,3091.4919770588235,1868.7992528149496,1023.0204705882352,23.823529411764707,94.6470588235294,276.5545294117647,25.88235294117647,17.11176470588235,1.3095087756528465,270.33137396825134,0,0,24.73608424118035,0.35,double,5704,risk_myopic,4,0.027237799999966228
17,3098.2387605882354,1892.372135859745,1041.311705882353,23.88235294117647,101.70588235294117,277.46964705882357,30.58823529411765,19.488235294117647,1.7396908719277833,266.4616612791367,0,0,19.91773243532653,0.35,double,5704,risk_cfa_t5,4,0.021722999999838066
