days,cost_per_day,co2_kg_per_day,km_per_day,truck_shifts_per_day,points_served_per_day,t_per_day,overflow_bins_per_day,overflow_weighted_per_day,overflow_volume_bins_per_day,kg_per_km,relaxed_days,non_optimal_days,mean_solve_s,policy,rep,instance,sim_s,max_gap
18,900.0213388888891,518.9759135750674,282.87272222222225,6.666666666666667,150.0,71.78616666666667,61.27777777777778,37.81944444444444,24.106209983056736,253.77550052448007,0,0,26.161648199999995,fixed_daily,0,syn_clustered_n150_s100,828.6556126999999,0.0
18,729.3667861111112,464.4941173739466,236.7255555555556,5.722222222222222,75.0,64.84838888888889,136.72222222222223,85.4388888888889,55.46849059964441,273.9391137416511,0,0,16.271054883333314,fixed_alternate,0,syn_clustered_n150_s100,357.3024226000002,0.0
18,739.7009083333334,461.1737198200414,237.968,5.666666666666667,48.5,65.4686111111111,141.55555555555554,89.00555555555556,54.9120728205099,275.1151882232532,0,0,15.041634494444528,threshold70,0,syn_clustered_n150_s100,305.11484480000036,0.0
18,857.6070277777778,505.54895187909665,271.38311111111113,6.111111111111111,137.88888888888889,71.71627777777778,62.388888888888886,38.43055555555556,24.25105811889594,264.2621255396225,0,0,30.261580966666443,risk_myopic,0,syn_clustered_n150_s100,725.0751269000002,0.0
18,856.0828444444445,502.97443174423813,269.2754444444444,5.944444444444445,140.22222222222223,71.74605555555556,61.77777777777778,38.269444444444446,24.146297685164264,266.44113689452234,0,0,28.01721583888876,risk_cfa_t5,0,syn_clustered_n150_s100,658.5241488000001,0.0
18,868.7745694444444,503.14321148571446,270.8736666666666,6.055555555555555,145.55555555555554,71.76033333333334,62.77777777777778,38.974999999999994,24.305877069406066,264.92177780293645,0,0,26.395186333333488,risk_cfa_t15,0,syn_clustered_n150_s100,616.3299085999997,0.0
18,908.5210611111112,521.1928180759422,280.94961111111115,6.777777777777778,150.0,73.29705555555556,61.0,39.37222222222223,28.416099617155126,260.89039691380003,0,0,26.206998050000138,fixed_daily,1,syn_clustered_n150_s101,778.2727428999997,0.0
18,747.5627527777779,476.48619049450036,242.51494444444447,5.888888888888889,75.0,66.61244444444444,139.16666666666666,87.26111111111112,58.03073063748213,274.6735653633258,0,0,19.494867461111124,fixed_alternate,1,syn_clustered_n150_s101,402.9469731999998,0.0
18,769.2303333333334,473.276305390094,244.4056666666667,5.944444444444445,49.166666666666664,67.25705555555555,148.27777777777777,92.17222222222223,55.409941871172336,275.18615453087784,0,0,18.513306383333607,threshold70,1,syn_clustered_n150_s101,360.1462197999999,0.0
18,856.8379111111112,518.7152294351113,273.85249999999996,6.055555555555555,139.66666666666666,73.152,62.05555555555556,39.95277777777778,28.74092888286142,267.12189956272084,0,0,26.527559655555454,risk_myopic,1,syn_clustered_n150_s101,610.2131952,0.0
18,880.4423305555556,513.9932420636528,277.6947777777778,6.222222222222222,144.83333333333334,73.14727777777779,61.0,39.37222222222223,28.619347024165904,263.4089065812865,0,0,27.947766250000363,risk_cfa_t5,1,syn_clustered_n150_s101,630.9026253000011,0.0
18,880.1341916666667,525.8724338337016,278.7474444444444,6.277777777777778,147.11111111111111,73.28011111111111,61.55555555555556,39.67777777777778,28.591947844733518,262.89070114045893,0,0,28.31583246111101,risk_cfa_t15,1,syn_clustered_n150_s101,621.8328679000006,0.0
18,962.9208555555556,540.107120633703,296.2421111111111,7.222222222222222,150.0,78.93022222222221,87.0,59.53333333333334,41.272756633307395,266.43822489037683,0,0,35.49853939999998,fixed_daily,2,syn_clustered_n150_s102,1006.3746628000008,0.0
18,785.8526305555556,481.9316170030852,251.80588888888894,6.111111111111111,75.0,69.49916666666667,179.11111111111111,121.50555555555555,84.52823135404469,276.0029440667039,0,0,20.192698088888694,fixed_alternate,2,syn_clustered_n150_s102,426.9859862000012,0.0
18,817.5672277777778,484.29931507867565,258.3518888888889,6.277777777777778,51.77777777777778,71.16738888888888,166.61111111111111,111.625,73.65861010522985,275.46688044342625,0,0,22.133354016666594,threshold70,2,syn_clustered_n150_s102,446.82636040000034,0.0
18,920.0067333333334,542.9626040011765,291.2192777777778,6.666666666666667,135.27777777777777,78.96677777777778,88.61111111111111,59.775000000000006,41.61675067455863,271.1591704380071,0,0,34.2179669722218,risk_myopic,2,syn_clustered_n150_s102,931.4999771000003,0.0
18,919.2043972222223,539.356506563513,288.3356111111111,6.611111111111111,137.27777777777777,78.86077777777777,89.5,60.01944444444445,41.619070921246745,273.503427044218,0,0,36.55546567777775,risk_cfa_t5,2,syn_clustered_n150_s102,1011.6188331999983,0.0
18,929.5431944444445,539.1963264219467,288.77394444444445,6.777777777777778,140.83333333333334,78.94777777777777,87.77777777777777,59.650000000000006,41.46550744070793,273.3895467254182,0,0,31.91698674999993,risk_cfa_t15,2,syn_clustered_n150_s102,936.3951405000007,0.0
18,880.9848888888888,523.9616132600858,279.94072222222223,6.222222222222222,150.0,69.87144444444444,66.33333333333333,37.52777777777778,30.801374770146335,249.59371358976196,0,0,24.472198094444543,fixed_daily,3,syn_clustered_n150_s103,758.8574171,0.0
18,728.7074,467.7493420719202,240.5397777777778,5.777777777777778,75.0,62.95055555555555,134.61111111111111,75.05277777777778,62.12929628010441,261.7053866812511,0,0,18.514462249999877,fixed_alternate,3,syn_clustered_n150_s103,390.36571600000025,0.0
18,734.1046,488.14942938513013,247.47044444444444,5.722222222222222,46.72222222222222,63.86561111111111,133.72222222222223,71.83055555555556,56.725940494016704,258.07369140377705,0,0,11.281698994444419,threshold70,3,syn_clustered_n150_s103,231.47756020000088,0.0
18,804.4641083333335,526.2169705981746,271.29650000000004,5.722222222222222,119.22222222222223,69.52894444444445,70.72222222222223,38.625,31.74766530031058,256.2839713908747,0,0,14.819582144444617,risk_myopic,3,syn_clustered_n150_s103,328.0107162000004,0.0
18,809.8823555555557,523.5440750592229,272.90116666666665,5.666666666666667,124.61111111111111,69.64705555555555,68.88888888888889,38.26666666666667,31.089397523251087,255.20981242497032,0,0,13.795682922222113,risk_cfa_t5,3,syn_clustered_n150_s103,307.8138325,0.0
18,844.0848444444445,512.718723504016,271.7986111111111,5.833333333333333,133.88888888888889,70.18977777777778,67.38888888888889,37.791666666666664,31.051606184854297,258.2418559493089,0,0,12.58888664999995,risk_cfa_t15,3,syn_clustered_n150_s103,289.1035746000016,0.0
18,1026.1236972222223,610.9394951479665,332.86672222222217,7.444444444444445,150.0,85.3825,89.83333333333333,64.20277777777778,41.72889948781641,256.50656644192435,0,0,22.747007394444154,fixed_daily,4,syn_clustered_n150_s104,606.266575900001,0.0
18,878.0188222222223,530.6107738301594,282.2272777777778,6.722222222222222,75.0,74.714,200.05555555555554,142.3861111111111,90.28468422067928,264.7299034603908,0,0,14.172159222222238,fixed_alternate,4,syn_clustered_n150_s104,285.0325991999998,0.0
18,902.0620444444445,542.1164443396591,289.6889444444444,6.722222222222222,55.77777777777778,76.76127777777778,189.66666666666666,134.54444444444445,80.11693106517511,264.9782784254606,0,0,19.748656499999925,threshold70,4,syn_clustered_n150_s104,409.4454895000017,0.0
18,1017.3232944444446,611.3161301472877,331.7052777777778,7.388888888888889,146.94444444444446,85.33627777777778,90.55555555555556,64.6,41.78448108265676,257.26536023025795,0,0,23.402855405555883,risk_myopic,4,syn_clustered_n150_s104,646.319924200001,0.0
18,1012.1290444444445,609.0066108588865,328.88405555555556,7.333333333333333,146.94444444444446,85.36588888888889,90.72222222222223,64.69166666666666,41.82164206593993,259.56226045889525,0,0,20.17640882777717,risk_cfa_t5,4,syn_clustered_n150_s104,609.5750198999995,0.0
18,1021.3401361111113,609.1489508566826,330.59844444444445,7.388888888888889,149.05555555555554,85.40894444444444,90.33333333333333,64.47777777777779,41.75320787717661,258.3464800869534,0,0,20.804543827777405,risk_cfa_t15,4,syn_clustered_n150_s104,537.2199966999979,0.0
