kind,scenario,policy,rep,state,run,cost,trucks,wall_s
tehran,current,fd,0,mid,engine,2920.8408200000003,22,17.820326799999748
tehran,current,fd,0,mid,"(True, 10)",2870.9159300000006,22,66.58149609999964
tehran,current,fd,0,mid,"(True, 11)",2852.78169,22,65.73013569999966
tehran,current,fd,0,mid,"(False, 10)",2852.6107999999995,22,60.07713850000073
tehran,current,fd,0,mid,"(False, 11)",2938.07247,24,65.59196359999987
tehran,current,fd,1,mid,engine,3007.13267,23,16.383711599999515
tehran,current,fd,1,mid,"(True, 10)",2882.36051,22,63.317077899999276
tehran,current,fd,1,mid,"(True, 11)",2912.2593500000003,23,56.30284609999944
tehran,current,fd,1,mid,"(False, 10)",2868.4120199999998,22,61.29485219999697
tehran,current,fd,1,mid,"(False, 11)",2897.67081,22,54.67483390000052
tehran,current,risk,0,mid,engine,3056.9514299999996,23,20.796984900000098
tehran,current,risk,0,mid,"(True, 10)",2894.104,23,74.42962809999881
tehran,current,risk,0,mid,"(True, 11)",2830.70083,22,70.95328129999689
tehran,current,risk,0,mid,"(False, 10)",2832.45288,22,70.976150399998
tehran,current,risk,0,mid,"(False, 11)",2898.3274399999996,23,67.22667960000035
tehran,current,risk,1,mid,engine,3022.76051,24,18.094489999999496
tehran,current,risk,1,mid,"(True, 10)",2898.7923700000006,23,67.94773689999784
tehran,current,risk,1,mid,"(True, 11)",2873.8068199999993,22,60.34535130000222
tehran,current,risk,1,mid,"(False, 10)",2866.1283599999992,22,72.90238690000115
tehran,current,risk,1,mid,"(False, 11)",2864.8209199999997,22,64.43737130000227
tehran,double,fd,0,mid,engine,3611.4167400000015,31,28.078112600000168
tehran,double,fd,0,mid,"(True, 10)",3307.3804399999995,28,77.76092139999673
tehran,double,fd,0,mid,"(True, 11)",3384.559300000001,28,76.11801819999891
tehran,double,fd,0,mid,"(False, 10)",3383.4332300000005,28,79.74907929999972
tehran,double,fd,0,mid,"(False, 11)",3396.9590600000006,28,71.39559260000169
tehran,double,fd,1,mid,engine,3559.25169,30,26.76014039999791
tehran,double,fd,1,mid,"(True, 10)",3381.4554000000003,28,74.59765659999903
tehran,double,fd,1,mid,"(True, 11)",3428.2559300000007,29,83.36945359999663
tehran,double,fd,1,mid,"(False, 10)",3372.8086700000003,28,86.11727099999916
tehran,double,fd,1,mid,"(False, 11)",3384.20991,28,80.42946780000057
tehran,double,risk,0,mid,engine,1873.5093989085656,8,8.095385899996472
tehran,double,risk,0,mid,"(True, 10)",1813.0068310340723,7,24.223196799997822
tehran,double,risk,0,mid,"(True, 11)",1913.1475936721101,7,24.21070300000065
tehran,double,risk,0,mid,"(False, 10)",1850.9543464033331,7,40.124108400003024
tehran,double,risk,0,mid,"(False, 11)",1844.5703027239806,9,34.77453310000055
tehran,double,risk,1,mid,engine,1882.3462124179946,9,10.298390600000857
tehran,double,risk,1,mid,"(True, 10)",1849.8483120676763,8,24.638055799998256
tehran,double,risk,1,mid,"(True, 11)",1866.5508392848378,8,46.697185199998785
tehran,double,risk,1,mid,"(False, 10)",1832.719915622445,8,36.58881879999899
tehran,double,risk,1,mid,"(False, 11)",1850.6032743481978,7,56.11309380000239
tehran,current,fd,0,steady,engine,2851.8977800000002,22,17.887719400001515
tehran,current,fd,0,steady,"(True, 10)",2746.04563,21,88.20753750000222
tehran,current,fd,0,steady,"(True, 11)",2776.74826,22,94.20968949999951
tehran,current,fd,0,steady,"(False, 10)",2777.34313,22,66.73488580000048
tehran,current,fd,0,steady,"(False, 11)",2755.0158900000006,21,93.15587450000021
tehran,double,fd,0,steady,engine,3568.351350000001,30,25.77003220000188
tehran,double,fd,0,steady,"(True, 10)",3356.7326900000007,28,102.2862114999989
tehran,double,fd,0,steady,"(True, 11)",3336.6370700000007,28,76.57400069999858
tehran,double,fd,0,steady,"(False, 10)",3358.99824,27,97.06419620000088
tehran,double,fd,0,steady,"(False, 11)",3331.9267000000004,28,68.12494960000186
synthetic,1.0,fd,0,mid,engine,,9,304.6053306000031
synthetic,1.0,fd,0,mid,"(True, 10)",,9,790.5898482000011
synthetic,1.0,fd,0,mid,"(True, 11)",,9,948.781573799999
synthetic,1.0,fd,0,mid,"(False, 10)",,9,107.84702670000115
synthetic,1.0,fd,0,mid,"(False, 11)",,9,228.97333119999894
synthetic,1.0,fd,0,steady,engine,930.0674499999999,7,18.156516099999862
synthetic,1.0,fd,0,steady,"(True, 10)",868.5912500000001,6,70.86155800000051
synthetic,1.0,fd,0,steady,"(True, 11)",915.3855500000001,7,48.92324060000101
synthetic,1.0,fd,0,steady,"(False, 10)",865.5653,6,67.15126400000008
synthetic,1.0,fd,0,steady,"(False, 11)",796.607,6,55.034589299997606
synthetic,1.0,risk,0,mid,engine,2174.788182891962,9,80.52887489999921
synthetic,1.0,risk,0,mid,"(True, 10)",2130.7468684849637,9,288.58565760000056
synthetic,1.0,risk,0,mid,"(True, 11)",2136.7302455743243,9,269.0462351000024
synthetic,1.0,risk,0,mid,"(False, 10)",2130.238047499908,9,235.00458270000308
synthetic,1.0,risk,0,mid,"(False, 11)",2135.82555531687,9,293.3834521000026
synthetic,1.0,risk,0,steady,engine,865.1686647726448,6,20.513076800001727
synthetic,1.0,risk,0,steady,"(True, 10)",850.4441312562068,6,55.26886440000089
synthetic,1.0,risk,0,steady,"(True, 11)",845.1637975232509,6,63.16442499999903
synthetic,1.0,risk,0,steady,"(False, 10)",850.3732351094893,6,49.82754719999866
synthetic,1.0,risk,0,steady,"(False, 11)",847.8096477045219,6,73.34950360000221
synthetic,0.5,fd,0,mid,engine,,9,304.373784899999
synthetic,0.5,fd,0,mid,"(True, 10)",,9,733.7660551999979
synthetic,0.5,fd,0,mid,"(True, 11)",,9,867.2515530000019
synthetic,0.5,fd,0,mid,"(False, 10)",,9,105.66198190000068
synthetic,0.5,fd,0,mid,"(False, 11)",,9,223.35168079999858
synthetic,0.5,fd,0,steady,engine,768.5047999999999,6,13.960699100000056
synthetic,0.5,fd,0,steady,"(True, 10)",754.4431500000002,6,50.487059999999474
synthetic,0.5,fd,0,steady,"(True, 11)",675.0274,6,61.331469200002175
synthetic,0.5,fd,0,steady,"(False, 10)",736.8189500000001,7,62.17457170000125
synthetic,0.5,fd,0,steady,"(False, 11)",798.1781,8,44.56738299999779
synthetic,0.5,risk,0,mid,engine,1091.7626107257026,7,25.974233099997946
synthetic,0.5,risk,0,mid,"(True, 10)",1050.4712008290821,7,80.01867499999935
synthetic,0.5,risk,0,mid,"(True, 11)",1043.3600056103187,7,73.7810071999993
synthetic,0.5,risk,0,mid,"(False, 10)",1051.4357233805713,7,89.03796900000088
synthetic,0.5,risk,0,mid,"(False, 11)",1047.04456321219,7,62.106507799999235
synthetic,0.5,risk,0,steady,engine,245.13330515459114,2,5.411395899995114
synthetic,0.5,risk,0,steady,"(True, 10)",242.22213167267228,2,23.090029999999388
synthetic,0.5,risk,0,steady,"(True, 11)",240.29090885968645,2,24.158897799999977
synthetic,0.5,risk,0,steady,"(False, 10)",243.64458093337518,2,22.041712799997185
synthetic,0.5,risk,0,steady,"(False, 11)",242.39869089385155,2,22.83785530000023
synthetic,0.33,fd,0,mid,engine,,9,273.8765009999988
synthetic,0.33,fd,0,mid,"(True, 10)",,9,693.5028141000003
synthetic,0.33,fd,0,mid,"(True, 11)",,9,807.4634438999965
synthetic,0.33,fd,0,mid,"(False, 10)",,9,96.07180619999781
synthetic,0.33,fd,0,mid,"(False, 11)",,9,209.95041919999858
synthetic,0.33,fd,0,steady,engine,494.15565000000004,5,7.053434900004504
synthetic,0.33,fd,0,steady,"(True, 10)",535.07425,5,63.310220800001844
synthetic,0.33,fd,0,steady,"(True, 11)",488.1329500000001,5,39.76755680000133
synthetic,0.33,fd,0,steady,"(False, 10)",613.9309499999999,5,59.9502728999978
synthetic,0.33,fd,0,steady,"(False, 11)",613.5218,5,48.160698700001376
synthetic,0.33,risk,0,mid,engine,692.5948447789027,5,10.064000899998064
synthetic,0.33,risk,0,mid,"(True, 10)",747.0722092882563,5,34.26563180000085
synthetic,0.33,risk,0,mid,"(True, 11)",748.6496159920655,5,41.07294159999947
synthetic,0.33,risk,0,mid,"(False, 10)",783.0893314657945,5,29.842325400000846
synthetic,0.33,risk,0,mid,"(False, 11)",736.1296733385585,5,34.34569850000116
synthetic,0.33,risk,0,steady,engine,36.961211795429534,0,1.8651469999967958
synthetic,0.33,risk,0,steady,"(True, 10)",36.961211795429534,0,8.287135300000955
synthetic,0.33,risk,0,steady,"(True, 11)",36.961211795429534,0,7.663346100001945
synthetic,0.33,risk,0,steady,"(False, 10)",36.961211795429534,0,7.439904900002148
synthetic,0.33,risk,0,steady,"(False, 11)",36.961211795429534,0,7.358819500001118
