kind,scenario,policy,rep,state,cost,trucks,ref,gap_pct
tehran,current,fd,0,mid,2920.8408200000003,22,2852.6107999999995,2.3918446918871963
tehran,current,fd,1,mid,3007.13267,23,2868.4120199999998,4.83614798127921
tehran,current,risk,0,mid,3056.9514299999996,23,2830.70083,7.9927415006975275
tehran,current,risk,1,mid,3022.76051,24,2864.8209199999997,5.5130702550161645
tehran,double,fd,0,mid,3611.4167400000015,31,3307.3804399999995,9.192661851746395
tehran,double,fd,1,mid,3559.25169,30,3372.8086700000003,5.52782675336279
tehran,double,risk,0,mid,1873.5093989085656,8,1813.0068310340723,3.3371395429318276
tehran,double,risk,1,mid,1882.3462124179946,9,1832.719915622445,2.707794921227512
tehran,current,fd,0,steady,2851.8977800000002,22,2746.04563,3.854711984520088
tehran,double,fd,0,steady,3568.351350000001,30,3331.9267000000004,7.095733828718392
synthetic,1.0,fd,0,mid,,9,,
synthetic,1.0,fd,0,steady,930.0674499999999,7,796.607,16.753612509054015
synthetic,1.0,risk,0,mid,2174.788182891962,9,2130.238047499908,2.0913219273469923
synthetic,1.0,risk,0,steady,865.1686647726448,6,845.1637975232509,2.366981087928527
synthetic,0.5,fd,0,mid,,9,,
synthetic,0.5,fd,0,steady,768.5047999999999,6,675.0274,13.847941579852904
synthetic,0.5,risk,0,mid,1091.7626107257026,7,1043.3600056103187,4.639108730938043
synthetic,0.5,risk,0,steady,245.13330515459114,2,240.29090885968645,2.015222430962762
synthetic,0.33,fd,0,mid,,9,,
synthetic,0.33,fd,0,steady,494.15565000000004,5,488.1329500000001,1.2338236949585002
synthetic,0.33,risk,0,mid,692.5948447789027,5,736.1296733385585,-5.914016257789598
synthetic,0.33,risk,0,steady,36.961211795429534,0,36.961211795429534,0.0
