case,exact,engine,gap_pct
full_sub1,127.14080000000001,127.14080000000001,0.0
full_sub2,123.09424000000001,123.09424000000001,0.0
full_sub3,148.18355,148.18355,0.0
full_sub4,130.56688,130.56688,0.0
full_sub5,139.91328000000001,139.91328000000001,0.0
full_sub6,123.4056,123.4056,0.0
selective_sub1,127.14080000000001,127.14080000000001,0.0
selective_sub2,123.09424000000001,123.09424000000001,0.0
selective_sub3,148.18355,148.18355,0.0
selective_sub4,130.56688,130.56688,0.0
selective_sub5,139.91328000000001,139.91328000000001,0.0
selective_sub6,123.4056,123.4504,0.036303052697766604
