bin,mu,sigma,quant_c,k_max,windows,cv_latent
1510830,0.029058308660507366,0.054171309210275076,0.04411393941775267,6,2191,1.8642278820548956
1511190,0.08840471521183828,0.0,0.04937878856570652,6,1790,0.0
1511191,0.08524718200400978,0.0363332428010086,0.03758733802318214,6,1918,0.42621048516653126
1511192,0.08090119569323193,0.0,0.05131158771927781,6,2222,0.0
1511193,0.04617101707091522,0.05969237393418863,0.02446206671228975,6,3142,1.2928537797316793
1511194,0.05934992504400629,0.0799909964845779,0.01672419827192232,6,3690,1.3477859731965431
1511195,0.08289859032496619,0.07212658866083306,0.027117195808320838,6,2465,0.8700580839564774
1511196,0.009477632446628971,0.11091503066003977,0.04738712150220493,6,1597,11.702820433756145
1511197,0.04550078793490827,0.08362362434372766,0.006999561379790374,6,4218,1.837850027198573
1511198,0.0997553693676528,0.02221154791312286,0.039833089936949416,6,2230,0.22266017412317152
1511199,0.13036459261211536,0.0,0.07245851498148369,4,1278,0.0
1511200,0.08442222275616566,0.03396662516377309,0.044558970569955364,6,2401,0.40234222761319544
1511201,0.07325251732897826,0.08813247593779681,0.014715770396900044,6,3230,1.2031323857717053
1511203,0.0652190270354272,0.029057956831536523,0.04780963184955435,6,2281,0.4455441632968879
1511204,0.08890904047628848,0.054877736848701494,0.027679942332477146,6,2748,0.617234609154702
1511205,0.08492979495582456,0.06256964801013541,0.03304306117375841,6,2870,0.7367219954161014
1511206,0.0499380219608669,0.1202053945616416,0.05806086402498029,6,2089,2.4070916276146974
1511207,0.018526771527153624,0.09076203441873901,0.037138957746622014,6,3636,4.8989665730866445
1511208,0.055249472558836416,0.06944816566338152,0.07922893794878558,6,1315,1.256992373808177
1511209,0.03697551891009313,0.11810431409257946,0.026539054626248528,6,3143,3.1941218831777034
1511210,0.015626361290701874,0.07826930317869749,0.032562976971098376,6,3066,5.008799023818163
1511211,0.0267641620195142,0.08203161679366167,0.08948859744780192,6,1744,3.0649798313823924
1511212,0.06304734213565828,0.06287169623912972,0.08628737204491747,6,2147,0.9972140634231554
1511213,0.08959485147554978,0.0,0.09246382223662634,6,2254,0.0
1511214,0.005003650589017235,0.04630870722923169,0.009606260720777832,6,4124,9.254984217098812
1511215,0.07315695691607665,0.051095878730987324,0.07608094176683831,6,1200,0.6984418281586384
1511216,0.04833464410618746,0.1158427673019988,0.045856876390742166,6,2780,2.396681913029115
1511217,0.004852709219216103,0.05391980499201652,0.01551828625853769,6,4447,11.111278783921575
1511218,0.07183758343762002,0.0,0.08937475346242399,6,1599,0.0
1511219,0.05929431836781445,0.07612897859514774,0.07754009107788135,6,2065,1.2839169197106632
1511220,0.07849200155520299,0.09009385681761452,0.04794367490255705,6,2429,1.1478093950025214
1511221,0.02876370317160201,0.10321121296754926,0.06268311047207684,6,2512,3.588244961081653
