days,cost_per_day,co2_kg_per_day,km_per_day,truck_shifts_per_day,points_served_per_day,t_per_day,overflow_bins_per_day,overflow_weighted_per_day,overflow_volume_bins_per_day,kg_per_km,relaxed_days,non_optimal_days,mean_solve_s,price,rep,sim_s
17,397.5235323529412,312.79886686800006,148.0566470588235,3.2941176470588234,42.76470588235294,37.83,20.647058823529413,12.602941176470589,3.6263362232365144,255.51031143485227,0,0,11.311012188235296,15.0,0,237.17964660000007
17,396.46473529411765,311.37512827376474,147.27235294117648,3.2941176470588234,39.35294117647059,38.18070588235294,24.88235294117647,15.208823529411765,5.112590377539014,259.25236556519934,0,0,9.476720476470613,15.0,1,193.1955598999998
17,450.0889235294117,350.40730054635293,166.07894117647058,3.764705882352941,57.470588235294116,43.19011764705882,26.941176470588236,16.576470588235296,5.0216117389890265,260.05776133390856,0,0,13.816888070588261,15.0,2,292.4682696
17,396.7890176470588,318.3931390758824,150.12694117647058,3.235294117647059,40.470588235294116,37.4455294117647,31.823529411764707,14.50294117647059,5.751138683510905,249.4257800653408,0,0,8.414291100000034,15.0,3,172.30509829999983
17,482.0810117647059,384.91361647364715,181.93364705882348,3.9411764705882355,60.529411764705884,46.008294117647054,24.176470588235293,16.908823529411762,5.718002462517693,252.88502078327204,0,0,10.464083935294104,15.0,4,226.02284689999988
17,390.7737,313.4030167692941,148.28552941176468,3.176470588235294,48.88235294117647,37.657117647058826,12.470588235294118,7.641176470588236,2.1661252926112566,253.950050260745,0,0,8.43697794705887,30.0,0,179.20903670000007
17,407.0939911764706,316.7563055864707,149.91711764705883,3.411764705882353,43.88235294117647,38.70805882352941,17.470588235294116,10.691176470588236,4.592997461179287,258.1963916532703,0,0,8.10153765294118,30.0,1,167.0169833
17,451.4733882352941,352.65469211658836,167.10447058823524,3.764705882352941,66.88235294117646,43.26,23.235294117647058,13.391176470588235,4.140212280282986,258.87996800874134,0,0,21.17581575882356,30.0,2,410.7866547999997
17,399.9812117647059,322.85244400588243,152.49152941176467,3.235294117647059,44.88235294117647,37.667058823529416,27.823529411764707,12.591176470588236,4.771349461265907,247.01082721663235,0,0,8.695950252941069,30.0,3,172.3058248999996
17,476.21038235294117,381.2627650336471,180.19941176470584,3.8823529411764706,66.17647058823529,45.40817647058823,22.41176470588235,16.108823529411765,4.603332600447476,251.98848334688046,0,0,11.914308017646844,30.0,4,260.62186909999946
17,398.4605911764706,314.04580648494124,148.75076470588235,3.2941176470588234,52.1764705882353,37.96682352941177,12.294117647058824,7.608823529411764,2.2300151204203544,255.23783763049366,0,0,10.75065834705883,60.0,0,227.29113119999965
17,408.04586470588237,323.6435736527059,153.2365882352941,3.3529411764705883,48.94117647058823,39.34311764705882,13.705882352941176,8.461764705882352,3.14719279970122,256.7475437827396,0,0,10.402468505882366,60.0,1,218.0233635000004
17,450.7831852941177,357.8751997876471,169.20758823529408,3.7058823529411766,74.11764705882354,43.56523529411765,19.647058823529413,11.605882352941178,3.7357548373939293,257.4662031914158,0,0,16.787078064705973,60.0,2,365.86413509999966
17,398.08395,325.936577569647,153.70052941176468,3.176470588235294,49.94117647058823,37.46217647058823,20.529411764705884,9.020588235294118,3.774167885852325,243.73485643778642,0,0,10.804026188235452,60.0,3,218.18246270000054
17,489.14122941176475,390.52311313882353,184.54905882352938,4.0,77.94117647058823,46.08888235294118,16.235294117647058,11.535294117647059,4.047632220794413,249.73783473484178,0,0,16.056980735294125,60.0,4,358.1175698999996
17,397.90462941176474,313.400395169647,148.33894117647057,3.2941176470588234,57.705882352941174,37.944823529411764,10.823529411764707,6.635294117647058,1.5308192538399477,255.7981284514558,0,0,12.230448388235452,120.0,0,273.12753930000054
17,413.0849735294118,325.2766475435296,154.3548823529412,3.411764705882353,53.94117647058823,39.078823529411764,12.470588235294118,7.5058823529411764,3.0066538878112383,253.17516967202772,0,0,12.643385794117474,120.0,1,264.86305919999995
17,457.2598852941177,361.5573997945882,171.39076470588236,3.764705882352941,82.05882352941177,43.72423529411765,15.941176470588236,10.25,3.1030692069099035,255.1143019237429,0,0,19.715999029411947,120.0,2,442.74557689999983
17,398.2875617647059,326.3722923716471,153.8513529411765,3.176470588235294,52.705882352941174,37.537,21.058823529411764,9.323529411764707,3.8988968901353283,243.98225483497626,0,0,13.760005452941346,120.0,3,278.3194974000007
17,500.14743823529415,393.30356836818487,186.98347058823526,4.0588235294117645,87.88235294117646,46.20594117647059,12.176470588235293,8.773529411764706,3.1429703665670568,247.11243743155657,0,0,19.16755377647084,120.0,4,437.1003246999999
17,398.42013529411764,318.80971584023536,151.33517647058827,3.235294117647059,61.88235294117647,37.95605882352942,9.764705882352942,6.029411764705882,1.4530691769746122,250.8079067189386,0,0,13.495743176470462,240.0,0,301.52881830000024
17,412.93691470588243,331.2949740468235,156.8595882352941,3.3529411764705883,60.88235294117647,39.41741176470588,13.588235294117647,8.161764705882353,3.0460610604792318,251.2910572325268,0,0,13.037662858823483,240.0,1,270.6405899000001
17,458.71232647058827,364.3481793444706,172.4666470588235,3.764705882352941,88.76470588235294,43.219529411764704,14.0,9.200000000000001,2.595331654725611,250.59644950958977,0,0,19.963819305882307,240.0,2,443.49885370000084
17,401.03103529411766,325.1978700234117,153.2691764705882,3.235294117647059,58.05882352941177,37.24076470588235,13.705882352941176,6.485294117647059,3.0500255001261896,242.97621715889312,0,0,10.860790735294145,240.0,3,221.74827619999996
17,499.4036470588236,400.7647561080001,189.53647058823532,4.0588235294117645,94.76470588235294,46.372,11.647058823529411,8.323529411764707,3.0874735341911843,244.6600374908445,0,0,17.578202400000116,240.0,4,396.6177226999989
